operation,calls,errors,totalMs,medianMs,p95Ms,maxMs,responseBytes
commit/progress/elapsed,84,0,59811.780994000015,753.6358349999999,1083.738797,1601.548456,39620
commit/setting/backup/export,15,0,9272.516495999998,603.247001,679.042375,704.6979329999999,11975527
read/expedition/{p}/simulationRun,6,1,5805.303565,951.411785,1624.078997,1676.115545,14392
commit/build/character/{id}/equip,161,0,5799.369277999951,38.554753000000346,62.04729999999108,119.09863499998755,79503
commit/build/character/{id}/jewelAttach,152,1,5748.98784200008,36.76555999999982,53.73251400000299,72.48547700000199,89294
commit/build/character/{id}/removeAllEquipment,148,0,5307.092924999993,33.71103900000162,64.45038999999815,223.26335599999948,55838
read/observation/expedition,52,0,2390.603455,45.77263500000001,72.439119,123.01947599999998,128614
read/observation/party,31,0,948.7059290000141,39.485192999999995,49.36540099999999,54.212355,626743
commit/build/party/{p},11,0,704.1597970000097,56.21266800000012,94.14490900000237,99.61457800000062,3461
commit/build/character/{id}/jewelRemove,14,0,584.8266870000004,38.694709999999986,52.197002999999995,55.2746530000004,7352
commit/expedition/{p}/changeExpedition,8,0,484.6287300000001,62.23774300000001,84.94183900000002,89.93486100000001,3276
read/base/searchItems,39,0,374.767952,6.673836000000023,35.554728,46.026250000000005,181131
commit/build/character/{id}/removeEquipment,6,0,361.0650380000002,52.66209600000002,71.48378000000002,90.73263500000007,2922
commit/expedition/{p}/sortie,3,0,273.590368,103.39122999999998,103.39122999999998,115.67249400000001,1332
commit/build/character/{id}/changeBuild,6,0,155.242014999999,10.562879999999993,55.362020999999004,56.343126,17724
fundamental/logIn,1,0,106.33959899999996,106.33959899999996,106.33959899999996,106.33959899999996,412
fundamental/status,1,0,103.17096099999999,103.17096099999999,103.17096099999999,103.17096099999999,210
read/expedition/{p}/latestBattleLog,1,0,96.51005500000002,96.51005500000002,96.51005500000002,96.51005500000002,109464
read/observation/diary,1,0,88.49540000000002,88.49540000000002,88.49540000000002,88.49540000000002,49287
commit/base/sellInventoryItems,1,0,68.020431,68.020431,68.020431,68.020431,2861
read/observation/setting,1,0,59.785623,59.785623,59.785623,59.785623,1786
read/base/shopItemsList,1,0,46.549289,46.549289,46.549289,46.549289,1710
read/observation/compact,1,0,44.14671299999999,44.14671299999999,44.14671299999999,44.14671299999999,568
fundamental/signUp,1,0,20.838888999999995,20.838888999999995,20.838888999999995,20.838888999999995,254
commit/base/purchaseShopItems,1,0,15.109556999999995,15.109556999999995,15.109556999999995,15.109556999999995,468
read/expedition/{p}/setting,1,0,7.454026999999996,7.454026999999996,7.454026999999996,7.454026999999996,446
