index,phase,method,route,status,durationMs,responseBytes,revision
1,manual,GET,"fundamental/status",200,103.17096099999999,210,
2,manual,POST,"fundamental/signUp",200,20.838888999999995,254,0
3,manual,POST,"fundamental/logIn",200,106.33959899999996,412,0
4,manual,GET,"read/observation/party",200,47.200481,17956,0
5,manual,GET,"read/observation/compact",200,44.14671299999999,568,0
6,manual,GET,"read/observation/expedition",200,76.842468,780,0
7,manual,GET,"read/base/searchItems?state=owned&limit=5000&details=none",200,43.300361,412,0
8,manual,GET,"read/base/shopItemsList",200,46.549289,1710,0
9,opening-build,POST,"commit/build/character/1/changeBuild",200,56.343126,2924,1
10,opening-build,POST,"commit/build/character/6/changeBuild",200,9.006810000000002,2814,2
11,opening-build,POST,"commit/build/character/4/changeBuild",200,14.886841999999987,3018,3
12,opening-build,POST,"commit/build/character/2/changeBuild",200,9.080336000000003,2891,4
13,opening-build,POST,"commit/build/character/3/changeBuild",200,10.562879999999993,3021,5
14,opening-build,POST,"commit/build/party/1",200,7.7200579999999945,311,6
15,opening-build,POST,"commit/expedition/1/changeExpedition",200,8.477251999999993,407,7
16,opening-build,POST,"commit/base/purchaseShopItems",200,15.109556999999995,468,8
17,opening-build,POST,"commit/build/character/1/removeAllEquipment",200,8.305862999999988,362,9
18,opening-build,POST,"commit/build/character/2/removeAllEquipment",200,9.035187000000008,355,10
19,opening-build,POST,"commit/build/character/3/removeAllEquipment",200,11.255860000000013,348,11
20,opening-build,POST,"commit/build/character/4/removeAllEquipment",200,12.63466600000001,356,12
21,opening-build,POST,"commit/build/character/5/removeAllEquipment",200,7.68151499999999,348,13
22,opening-build,POST,"commit/build/character/6/removeAllEquipment",200,7.4770129999999995,352,14
23,manual,GET,"read/observation/party?partyNumber=1",200,44.580681,16683,14
24,manual,GET,"read/base/searchItems?state=owned&limit=5000&details=none",200,35.554728,489,14
25,equipment-optimization,POST,"commit/build/character/1/equip",200,46.507883000000106,433,15
26,equipment-optimization,POST,"commit/build/character/4/equip",200,9.809046999999964,414,16
27,equipment-optimization,POST,"commit/build/character/2/equip",200,9.978893000000085,414,17
28,equipment-optimization,POST,"commit/build/character/3/equip",200,8.833532999999989,373,18
29,equipment-optimization,POST,"commit/build/character/5/equip",200,7.674095999999963,384,19
30,manual,POST,"read/expedition/1/simulationRun",200,521.99739,1535,19
31,manual,POST,"commit/progress/elapsed",200,107.218561,470,20
32,manual,GET,"read/observation/expedition",200,35.57374,783,20
33,equipment-optimization,GET,"read/observation/party?partyNumber=1",200,39.485192999999995,17682,20
34,equipment-optimization,GET,"read/base/searchItems?state=owned&limit=5000&details=none",200,4.009865999999988,1011,20
35,equipment-optimization,GET,"read/base/searchItems?category=jewel&state=owned&limit=5000&details=none",200,3.686899000000011,195,20
36,equipment-optimization,GET,"read/observation/expedition",200,5.394071999999994,783,20
37,equipment-optimization,POST,"commit/build/character/1/removeAllEquipment",200,10.787082000000055,364,21
38,equipment-optimization,POST,"commit/build/character/4/removeAllEquipment",200,7.52866199999994,356,22
39,equipment-optimization,POST,"commit/build/character/2/removeAllEquipment",200,6.45862800000009,356,23
40,equipment-optimization,POST,"commit/build/character/3/removeAllEquipment",200,6.228225000000066,348,24
41,equipment-optimization,POST,"commit/build/character/6/equip",200,8.019958999999972,399,25
42,equipment-optimization,POST,"commit/build/character/1/equip",200,10.670458999999937,444,26
43,equipment-optimization,POST,"commit/build/character/4/equip",200,7.309977000000117,414,27
44,equipment-optimization,POST,"commit/build/character/2/equip",200,8.258812000000034,414,28
45,equipment-optimization,POST,"commit/build/character/3/equip",200,6.325360000000046,384,29
46,D1,POST,"commit/progress/elapsed",200,215.327015,470,30
47,D1,POST,"commit/progress/elapsed",200,130.29636000000002,470,31
48,manual,GET,"read/observation/expedition",200,42.894594999999995,692,31
49,D1,GET,"read/observation/party?partyNumber=1",200,42.855002,17809,31
50,D1,GET,"read/base/searchItems?state=owned&limit=5000&details=none",200,6.9652480000000025,1963,31
51,D1,GET,"read/base/searchItems?category=jewel&state=owned&limit=5000&details=none",200,4.294441000000006,195,31
52,D1,GET,"read/observation/expedition",200,4.829042999999984,692,31
53,D1,POST,"commit/build/character/6/removeAllEquipment",200,11.738931000000093,360,32
54,D1,POST,"commit/build/character/1/removeAllEquipment",200,7.727740999999924,372,33
55,D1,POST,"commit/build/character/4/removeAllEquipment",200,8.274928000000045,364,34
56,D1,POST,"commit/build/character/2/removeAllEquipment",200,5.87156200000004,364,35
57,D1,POST,"commit/build/character/3/removeAllEquipment",200,7.137418000000025,356,36
58,D1,POST,"commit/build/character/5/removeAllEquipment",200,7.5416589999999815,356,37
59,D1,POST,"commit/build/character/6/equip",200,11.019315000000006,429,38
60,D1,POST,"commit/build/character/1/equip",200,12.733120000000099,474,39
61,D1,POST,"commit/build/character/4/equip",200,8.269361000000117,444,40
62,D1,POST,"commit/build/character/2/equip",200,7.926099999999906,444,41
63,D1,POST,"commit/build/character/3/equip",200,9.1315689999999,414,42
64,D1,POST,"commit/build/character/5/equip",200,8.011621999999988,414,43
65,manual,POST,"commit/expedition/1/changeExpedition",200,46.038202,409,44
66,D2,POST,"commit/progress/elapsed",200,137.31470399999998,470,45
67,D2,POST,"commit/progress/elapsed",200,177.12105600000004,470,46
68,manual,GET,"read/observation/expedition",200,39.97412700000001,860,46
69,D2,GET,"read/observation/party?partyNumber=1",200,43.65575099999998,18016,46
70,D2,GET,"read/base/searchItems?state=owned&limit=5000&details=none",200,7.156621000000001,3306,46
71,D2,GET,"read/base/searchItems?category=jewel&state=owned&limit=5000&details=none",200,9.875719999999973,195,46
72,D2,GET,"read/observation/expedition",200,3.7543349999999975,860,46
73,D2,POST,"commit/build/character/6/removeAllEquipment",200,18.086133999999902,368,47
74,D2,POST,"commit/build/character/1/removeAllEquipment",200,9.2521220000001,380,48
75,D2,POST,"commit/build/character/4/removeAllEquipment",200,11.813366999999971,372,49
76,D2,POST,"commit/build/character/2/removeAllEquipment",200,13.810933999999861,372,50
77,D2,POST,"commit/build/character/3/removeAllEquipment",200,14.362026999999898,364,51
78,D2,POST,"commit/build/character/5/removeAllEquipment",200,15.034223999999995,364,52
79,D2,POST,"commit/build/character/6/equip",200,16.74063100000012,459,53
80,D2,POST,"commit/build/character/1/equip",200,17.11559400000033,504,54
81,D2,POST,"commit/build/character/4/equip",200,12.77390800000012,474,55
82,D2,POST,"commit/build/character/2/equip",200,11.504496999999901,474,56
83,D2,POST,"commit/build/character/3/equip",200,11.5903330000001,444,57
84,D2,POST,"commit/build/character/5/equip",200,11.838910999999825,444,58
85,D2-boss,POST,"commit/progress/elapsed",200,282.48913400000004,470,59
86,manual,GET,"read/observation/expedition",200,123.01947599999998,809,59
87,manual,POST,"commit/expedition/1/changeExpedition",200,64.46671700000002,409,60
88,D3,POST,"commit/progress/elapsed",200,122.06868399999999,470,61
89,D3,POST,"commit/progress/elapsed",200,166.03788200000002,470,62
90,manual,GET,"read/observation/expedition",200,37.50165,1401,62
91,D3,GET,"read/observation/party?partyNumber=1",200,41.98907600000001,18905,62
92,D3,GET,"read/base/searchItems?state=owned&limit=5000&details=none",200,8.335048,5549,62
93,D3,GET,"read/base/searchItems?category=jewel&state=owned&limit=5000&details=none",200,11.43783400000001,195,62
94,D3,GET,"read/observation/expedition",200,5.379998999999998,1401,62
95,D3,POST,"commit/build/character/6/removeAllEquipment",200,13.22331099999974,368,63
96,D3,POST,"commit/build/character/1/removeAllEquipment",200,13.100564999999733,380,64
97,D3,POST,"commit/build/character/4/removeAllEquipment",200,10.502300999999989,372,65
98,D3,POST,"commit/build/character/2/removeAllEquipment",200,12.7957779999997,372,66
99,D3,POST,"commit/build/character/3/removeAllEquipment",200,10.915499000000182,364,67
100,D3,POST,"commit/build/character/5/removeAllEquipment",200,13.28980300000012,364,68
101,D3,POST,"commit/build/character/6/equip",200,13.025557999999819,459,69
102,D3,POST,"commit/build/character/1/equip",200,14.30203900000015,504,70
103,D3,POST,"commit/build/character/4/equip",200,17.005451999999877,474,71
104,D3,POST,"commit/build/character/2/equip",200,18.792517999999745,474,72
105,D3,POST,"commit/build/character/3/equip",200,12.608609999999771,444,73
106,D3,POST,"commit/build/character/5/equip",200,20.627035999999862,444,74
107,manual,POST,"commit/expedition/1/changeExpedition",200,66.81949600000002,409,75
108,D4,POST,"commit/progress/elapsed",200,155.528042,470,76
109,D4,POST,"commit/progress/elapsed",200,288.045261,470,77
110,manual,GET,"read/observation/expedition",200,62.175046,1299,77
111,D4,GET,"read/observation/party?partyNumber=1",200,38.11937399999999,18985,77
112,D4,GET,"read/base/searchItems?state=owned&limit=5000&details=none",200,6.6390770000000146,6918,77
113,D4,GET,"read/base/searchItems?category=jewel&state=owned&limit=5000&details=none",200,5.369688000000025,195,77
114,D4,GET,"read/observation/expedition",200,4.438321000000002,1299,77
115,D4,POST,"commit/build/character/6/removeAllEquipment",200,20.168390000000045,372,78
116,D4,POST,"commit/build/character/1/removeAllEquipment",200,20.495623999999907,384,79
117,D4,POST,"commit/build/character/4/removeAllEquipment",200,12.885424999999941,376,80
118,D4,POST,"commit/build/character/2/removeAllEquipment",200,11.297436999999945,376,81
119,D4,POST,"commit/build/character/3/removeAllEquipment",200,11.176896999999826,368,82
120,D4,POST,"commit/build/character/5/removeAllEquipment",200,9.860114000000067,368,83
121,D4,POST,"commit/build/character/6/equip",200,15.631208000000015,474,84
122,D4,POST,"commit/build/character/1/equip",200,19.93557900000019,520,85
123,D4,POST,"commit/build/character/4/equip",200,19.58161700000005,489,86
124,D4,POST,"commit/build/character/2/equip",200,21.888274000000138,489,87
125,D4,POST,"commit/build/character/3/equip",200,14.06085999999982,459,88
126,D4,POST,"commit/build/character/5/equip",200,14.095767000000023,459,89
127,D4,POST,"commit/progress/elapsed",200,354.782146,470,90
128,D4,POST,"commit/progress/elapsed",200,315.40002400000003,470,91
129,manual,GET,"read/observation/expedition",200,41.271079,1374,91
130,D4-boss,POST,"commit/progress/elapsed",200,375.63637,470,92
131,manual,GET,"read/observation/expedition",200,44.109486999999994,1806,92
132,manual,POST,"commit/expedition/1/changeExpedition",200,61.71262,409,93
133,D5,POST,"commit/progress/elapsed",200,270.414139,470,94
134,D5,GET,"read/observation/party?partyNumber=1",200,38.637249999999995,19767,94
135,D5,GET,"read/base/searchItems?state=owned&limit=5000&details=none",200,6.227717000000013,8638,94
136,D5,GET,"read/base/searchItems?category=jewel&state=owned&limit=5000&details=none",200,4.675417999999979,195,94
137,D5,GET,"read/observation/expedition",200,5.557282000000015,1990,94
138,D5,POST,"commit/build/character/6/removeAllEquipment",200,30.71902299999988,372,95
139,D5,POST,"commit/build/character/1/removeAllEquipment",200,18.044282000000067,384,96
140,D5,POST,"commit/build/character/4/removeAllEquipment",200,15.041883000000098,376,97
141,D5,POST,"commit/build/character/2/removeAllEquipment",200,15.741774000000078,376,98
142,D5,POST,"commit/build/character/3/removeAllEquipment",200,18.83032800000001,368,99
143,D5,POST,"commit/build/character/5/removeAllEquipment",200,12.52850699999999,369,100
144,D5,POST,"commit/build/character/6/equip",200,17.027964999999995,476,101
145,D5,POST,"commit/build/character/1/equip",200,16.803325000000086,522,102
146,D5,POST,"commit/build/character/4/equip",200,16.516750000000002,491,103
147,D5,POST,"commit/build/character/2/equip",200,19.394889999999805,491,104
148,D5,POST,"commit/build/character/3/equip",200,19.29024400000003,461,105
149,D5,POST,"commit/build/character/5/equip",200,16.257493000000068,461,106
150,manual,POST,"read/expedition/1/simulationRun",200,986.8671019999999,2690,106
151,D5,POST,"commit/progress/elapsed",200,504.288901,472,107
152,manual,GET,"read/observation/expedition",200,39.853196,1903,107
153,D5-floor4,GET,"read/observation/party?partyNumber=1",200,44.205674000000016,19731,107
154,D5-floor4,GET,"read/base/searchItems?state=owned&limit=5000&details=none",200,6.54432300000002,9160,107
155,D5-floor4,GET,"read/base/searchItems?category=jewel&state=owned&limit=5000&details=none",200,4.762608,196,107
156,D5-floor4,POST,"commit/build/character/6/removeAllEquipment",200,33.71103900000162,374,108
157,D5-floor4,POST,"commit/build/character/1/removeAllEquipment",200,18.30283600000257,386,109
158,D5-floor4,POST,"commit/build/character/4/removeAllEquipment",200,16.49319100000139,378,110
159,D5-floor4,POST,"commit/build/character/2/removeAllEquipment",200,19.699949000001652,378,111
160,D5-floor4,POST,"commit/build/character/3/removeAllEquipment",200,15.088841999997385,370,112
161,D5-floor4,POST,"commit/build/character/5/removeAllEquipment",200,18.567620000001625,370,113
162,D5-floor4,POST,"commit/build/character/6/equip",200,23.546903000002203,476,114
163,D5-floor4,POST,"commit/build/character/1/equip",200,22.277047999996284,522,115
164,D5-floor4,POST,"commit/build/character/4/equip",200,19.247889999998733,491,116
165,D5-floor4,POST,"commit/build/character/2/equip",200,18.48850400000083,491,117
166,D5-floor4,POST,"commit/build/character/3/equip",200,29.66722899999877,461,118
167,D5-floor4,POST,"commit/build/character/5/equip",200,17.811845999996876,461,119
168,D5-floor4,POST,"commit/progress/elapsed",200,483.757444,472,120
169,manual,GET,"read/observation/expedition",200,42.38432099999999,1812,120
170,D5-boss,POST,"commit/progress/elapsed",200,370.042103,472,121
171,manual,GET,"read/observation/expedition",200,41.040472,1812,121
172,D5-boss,GET,"read/observation/party?partyNumber=1",200,44.099479,19978,121
173,D5-boss,GET,"read/base/searchItems?state=owned&limit=5000&details=none",200,6.916302999999999,10123,121
174,D5-boss,GET,"read/base/searchItems?category=jewel&state=owned&limit=5000&details=none",200,2.7520959999999945,207,121
175,D5-boss,POST,"commit/build/character/6/removeAllEquipment",200,35.2859529999987,378,122
176,D5-boss,POST,"commit/build/character/1/removeAllEquipment",200,25.327643999997235,390,123
177,D5-boss,POST,"commit/build/character/4/removeAllEquipment",200,16.25596399999631,382,124
178,D5-boss,POST,"commit/build/character/2/removeAllEquipment",200,15.482719999999972,382,125
179,D5-boss,POST,"commit/build/character/3/removeAllEquipment",200,16.076154000002134,374,126
180,D5-boss,POST,"commit/build/character/5/removeAllEquipment",200,26.981832999998005,374,127
181,D5-boss,POST,"commit/build/character/6/equip",200,19.478878000001714,491,128
182,D5-boss,POST,"commit/build/character/1/equip",200,22.487183999997796,538,129
183,D5-boss,POST,"commit/build/character/4/equip",200,23.74133100000472,506,130
184,D5-boss,POST,"commit/build/character/2/equip",200,21.95706500000233,506,131
185,D5-boss,POST,"commit/build/character/3/equip",200,20.289182000000437,476,132
186,D5-boss,POST,"commit/build/character/5/equip",200,21.63987199999974,476,133
187,D5-boss,GET,"read/observation/party?partyNumber=1",200,5.289865999999165,19843,133
188,D5-boss,POST,"commit/build/character/6/jewelAttach",200,20.032639000004565,558,134
189,surplus-autosale,POST,"commit/base/sellInventoryItems",200,68.020431,2861,135
190,D5-boss,POST,"commit/progress/elapsed",200,446.003963,472,136
191,manual,GET,"read/observation/expedition",200,36.83867199999999,2316,136
192,manual,POST,"commit/expedition/1/changeExpedition",200,62.23774300000001,411,137
193,D6,POST,"commit/progress/elapsed",200,355.766677,472,138
194,manual,GET,"read/observation/expedition",200,47.43818099999999,2606,138
195,D6,GET,"read/observation/party?partyNumber=1",200,40.144288999999986,20575,138
196,D6,GET,"read/base/searchItems?state=owned&limit=5000&details=none",200,6.5906900000000235,9557,138
197,D6,GET,"read/base/searchItems?category=jewel&state=owned&limit=5000&details=none",200,3.4949399999999855,206,138
198,D6,POST,"commit/build/character/6/removeAllEquipment",200,34.463512999995146,378,139
199,D6,POST,"commit/build/character/1/removeAllEquipment",200,24.79912200000399,390,140
200,D6,POST,"commit/build/character/4/removeAllEquipment",200,33.644674999995914,382,141
201,D6,POST,"commit/build/character/2/removeAllEquipment",200,18.225005000000237,382,142
202,D6,POST,"commit/build/character/3/removeAllEquipment",200,23.098297999997158,374,143
203,D6,POST,"commit/build/character/5/removeAllEquipment",200,20.606776000000536,374,144
204,D6,POST,"commit/build/character/6/equip",200,25.59911899999861,491,145
205,D6,POST,"commit/build/character/1/equip",200,35.003771000003326,538,146
206,D6,POST,"commit/build/character/4/equip",200,27.258366000001843,506,147
207,D6,POST,"commit/build/character/2/equip",200,23.120771000001696,506,148
208,D6,POST,"commit/build/character/3/equip",200,23.992770999997447,476,149
209,D6,POST,"commit/build/character/5/equip",200,22.470755999995163,476,150
210,D6,GET,"read/observation/party?partyNumber=1",200,5.628067999998166,20544,150
211,D6,POST,"commit/build/character/6/jewelAttach",200,21.766208000000915,558,151
212,D6,POST,"commit/build/character/6/jewelAttach",200,19.418957000001683,564,152
213,D6-floor3,POST,"commit/progress/elapsed",200,470.75610800000004,472,153
214,D6-floor3,POST,"commit/progress/elapsed",200,434.54511399999996,472,154
215,manual,GET,"read/observation/expedition",200,43.06211999999999,2503,154
216,D6-floor3,GET,"read/observation/party?partyNumber=1",200,38.97816499999999,20563,154
217,D6-floor3,GET,"read/base/searchItems?state=owned&limit=5000&details=none",200,6.906378999999987,10668,154
218,D6-floor3,GET,"read/base/searchItems?category=jewel&state=owned&limit=5000&details=none",200,7.490273999999999,196,154
219,D6-floor3,POST,"commit/build/character/6/removeAllEquipment",200,34.636365999998816,378,155
220,D6-floor3,POST,"commit/build/character/1/removeAllEquipment",200,24.63877499999944,390,156
221,D6-floor3,POST,"commit/build/character/4/removeAllEquipment",200,36.66542800000025,382,157
222,D6-floor3,POST,"commit/build/character/2/removeAllEquipment",200,33.71326299999782,382,158
223,D6-floor3,POST,"commit/build/character/3/removeAllEquipment",200,22.08111700000154,374,159
224,D6-floor3,POST,"commit/build/character/5/removeAllEquipment",200,20.25596800000494,374,160
225,D6-floor3,POST,"commit/build/character/6/equip",200,39.199862999994366,491,161
226,D6-floor3,POST,"commit/build/character/1/equip",200,25.70540400000027,538,162
227,D6-floor3,POST,"commit/build/character/4/equip",200,29.401254000003973,506,163
228,D6-floor3,POST,"commit/build/character/2/equip",200,26.27822799999558,506,164
229,D6-floor3,POST,"commit/build/character/3/equip",200,25.255478999999468,476,165
230,D6-floor3,POST,"commit/build/character/5/equip",200,28.106200999995053,476,166
231,D6-floor3,GET,"read/observation/party?partyNumber=1",200,5.4677819999997155,20592,166
232,D6-floor3,POST,"commit/build/character/6/jewelAttach",200,22.70412299999589,558,167
233,D6-floor3,POST,"commit/build/character/6/jewelAttach",200,22.39856800000416,564,168
234,D6-floor3,POST,"commit/progress/elapsed",200,651.36722,472,169
235,manual,GET,"read/observation/expedition",200,42.622175000000006,2582,169
236,D6-floor4,POST,"commit/progress/elapsed",200,736.25686,472,170
237,manual,GET,"read/observation/expedition",200,56.698837,2321,170
238,D6-floor5,POST,"commit/progress/elapsed",200,697.727783,472,171
239,manual,GET,"read/observation/expedition",200,52.980335,2323,171
240,D6-boss,GET,"read/observation/party?partyNumber=1",200,37.64078500000001,20614,171
241,D6-boss,GET,"read/base/searchItems?state=owned&limit=5000&details=none",200,10.291604000000007,11592,171
242,D6-boss,GET,"read/base/searchItems?category=jewel&state=owned&limit=5000&details=none",200,4.751943000000011,243,171
243,D6-boss,POST,"commit/build/character/6/removeAllEquipment",200,124.85355500000878,378,172
244,D6-boss,POST,"commit/build/character/1/removeAllEquipment",200,64.45038999999815,390,173
245,D6-boss,POST,"commit/build/character/4/removeAllEquipment",200,23.8637149999995,382,174
246,D6-boss,POST,"commit/build/character/2/removeAllEquipment",200,29.599290999991354,382,175
247,D6-boss,POST,"commit/build/character/3/removeAllEquipment",200,25.30491799999436,374,176
248,D6-boss,POST,"commit/build/character/5/removeAllEquipment",200,25.580987000008463,374,177
249,D6-boss,POST,"commit/build/character/6/equip",200,55.83710799999244,491,178
250,D6-boss,POST,"commit/build/character/1/equip",200,42.980947999996715,538,179
251,D6-boss,POST,"commit/build/character/4/equip",200,30.65854400000535,506,180
252,D6-boss,POST,"commit/build/character/2/equip",200,32.66271299999789,506,181
253,D6-boss,POST,"commit/build/character/3/equip",200,28.754075000004377,476,182
254,D6-boss,POST,"commit/build/character/5/equip",200,28.228002999996534,476,183
255,D6-boss,GET,"read/observation/party?partyNumber=1",200,7.367616999996244,20591,183
256,D6-boss,POST,"commit/build/character/6/jewelAttach",200,28.120559000002686,556,184
257,D6-boss,POST,"commit/build/character/6/jewelAttach",200,42.19903100001102,565,185
258,D6-boss,POST,"commit/build/character/1/jewelAttach",200,37.102524999994785,603,186
259,D6-boss,POST,"commit/build/character/4/jewelAttach",200,24.86597100000654,573,187
260,D6-boss,POST,"commit/build/character/2/jewelAttach",200,21.181160000007367,573,188
261,D6-boss,POST,"commit/build/character/5/jewelAttach",200,20.434147000007215,545,189
262,D6-boss,POST,"commit/progress/elapsed",200,618.549931,472,190
263,D6-boss,POST,"commit/progress/elapsed",200,610.6749550000001,472,191
264,manual,GET,"read/observation/expedition",200,45.77263500000001,2321,191
265,D6-boss-gate,GET,"read/observation/party?partyNumber=1",200,40.10651800000001,20641,191
266,D6-boss-gate,GET,"read/base/searchItems?state=owned&limit=5000&details=none",200,6.673836000000023,12081,191
267,D6-boss-gate,GET,"read/base/searchItems?category=jewel&state=owned&limit=5000&details=none",200,4.41046399999999,196,191
268,D6-boss-gate,POST,"commit/build/character/6/removeAllEquipment",200,53.73012399999425,378,192
269,D6-boss-gate,POST,"commit/build/character/1/removeAllEquipment",200,53.68916999999783,390,193
270,D6-boss-gate,POST,"commit/build/character/4/removeAllEquipment",200,34.59114599999157,382,194
271,D6-boss-gate,POST,"commit/build/character/2/removeAllEquipment",200,25.14135499999975,382,195
272,D6-boss-gate,POST,"commit/build/character/3/removeAllEquipment",200,33.10671100000036,374,196
273,D6-boss-gate,POST,"commit/build/character/5/removeAllEquipment",200,41.60304699999688,374,197
274,D6-boss-gate,POST,"commit/build/character/6/equip",200,33.38625499999034,491,198
275,D6-boss-gate,POST,"commit/build/character/1/equip",200,40.55529299999762,538,199
276,D6-boss-gate,POST,"commit/build/character/4/equip",200,48.00497299998824,506,200
277,D6-boss-gate,POST,"commit/build/character/2/equip",200,41.687859999990906,506,201
278,D6-boss-gate,POST,"commit/build/character/3/equip",200,34.00656999999774,476,202
279,D6-boss-gate,POST,"commit/build/character/5/equip",200,27.117371000000276,476,203
280,D6-boss-gate,GET,"read/observation/party?partyNumber=1",200,5.307836000007228,20855,203
281,D6-boss-gate,POST,"commit/build/character/6/jewelAttach",200,23.755009000000427,556,204
282,D6-boss-gate,POST,"commit/build/character/6/jewelAttach",200,27.35974400000123,565,205
283,D6-boss-gate,POST,"commit/build/character/1/jewelAttach",200,22.166502000007313,603,206
284,D6-boss-gate,POST,"commit/build/character/4/jewelAttach",200,24.184884000002057,573,207
285,D6-boss-gate,POST,"commit/build/character/4/jewelAttach",200,22.80805999999575,581,208
286,D6-boss-gate,POST,"commit/build/character/5/jewelAttach",200,28.56345699999656,545,209
287,manual,GET,"read/observation/setting",200,59.785623,1786,209
288,D6-boss-gate,POST,"commit/progress/elapsed",200,540.2387269999999,472,210
289,D6-boss-gate,POST,"commit/progress/elapsed",200,536.774343,472,211
290,manual,GET,"read/observation/expedition",200,50.037088,2602,211
291,D6-boss,GET,"read/observation/party?partyNumber=1",200,53.707526,20903,211
292,D6-boss,GET,"read/base/searchItems?state=owned&limit=5000&details=none",200,13.489273999999995,12426,211
293,D6-boss,GET,"read/base/searchItems?category=jewel&state=owned&limit=5000&details=none",200,4.579350000000005,196,211
294,D6-boss,POST,"commit/build/character/6/removeAllEquipment",200,113.75906199999736,378,212
295,D6-boss,POST,"commit/build/character/1/removeAllEquipment",200,58.80000499999733,390,213
296,D6-boss,POST,"commit/build/character/2/removeAllEquipment",200,31.402556999993976,382,214
297,D6-boss,POST,"commit/build/character/3/removeAllEquipment",200,30.116963000007672,374,215
298,D6-boss,POST,"commit/build/character/5/removeAllEquipment",200,34.93753900000593,374,216
299,D6-boss,POST,"commit/build/character/6/equip",200,78.01768499999889,491,217
300,D6-boss,POST,"commit/build/character/1/equip",200,54.63481099999626,538,218
301,D6-boss,POST,"commit/build/character/2/equip",200,36.49474999999802,506,219
302,D6-boss,POST,"commit/build/character/3/equip",200,32.69159899999795,476,220
303,D6-boss,POST,"commit/build/character/5/equip",200,37.90036600000167,476,221
304,D6-boss,GET,"read/observation/party?partyNumber=1",200,12.53628500000923,20900,221
305,D6-boss,POST,"commit/build/character/6/jewelAttach",200,35.13615000000573,556,222
306,D6-boss,POST,"commit/build/character/6/jewelAttach",200,26.380665000004228,565,223
307,D6-boss,POST,"commit/build/character/1/jewelAttach",200,24.826988999993773,603,224
308,D6-boss,POST,"commit/build/character/5/jewelAttach",200,29.33843699999852,545,225
309,D6-boss,POST,"commit/progress/elapsed",200,544.930559,472,226
310,manual,GET,"read/observation/expedition",200,43.043091,3106,226
311,manual,POST,"commit/expedition/1/changeExpedition",200,89.93486100000001,411,227
312,D7,POST,"commit/progress/elapsed",200,872.228489,472,228
313,manual,GET,"read/observation/expedition",200,66.108971,3199,228
314,D7,GET,"read/observation/party?partyNumber=1",200,54.212355,21676,228
315,D7,GET,"read/base/searchItems?state=owned&limit=5000&details=none",200,10.620602999999988,13636,228
316,D7,GET,"read/base/searchItems?category=jewel&state=owned&limit=5000&details=none",200,12.619109000000009,196,228
317,D7,POST,"commit/build/character/6/removeAllEquipment",200,46.403024999999616,378,229
318,D7,POST,"commit/build/character/1/removeAllEquipment",200,37.34902699999657,390,230
319,D7,POST,"commit/build/character/4/removeAllEquipment",200,28.12771800000337,382,231
320,D7,POST,"commit/build/character/2/removeAllEquipment",200,29.588745000000927,382,232
321,D7,POST,"commit/build/character/3/removeAllEquipment",200,26.930511000005936,374,233
322,D7,POST,"commit/build/character/5/removeAllEquipment",200,37.942800000004354,374,234
323,D7,POST,"commit/build/character/6/equip",200,46.47033300000476,491,235
324,D7,POST,"commit/build/character/1/equip",200,39.01248099999793,538,236
325,D7,POST,"commit/build/character/4/equip",200,44.667929000002914,506,237
326,D7,POST,"commit/build/character/2/equip",200,33.23902600000292,506,238
327,D7,POST,"commit/build/character/3/equip",200,41.55528300000151,476,239
328,D7,POST,"commit/build/character/5/equip",200,31.781074999998964,476,240
329,D7,GET,"read/observation/party?partyNumber=1",200,5.979042000006302,21388,240
330,D7,POST,"commit/build/character/6/jewelAttach",200,25.060075000001234,558,241
331,D7,POST,"commit/build/character/6/jewelAttach",200,26.66135800000484,564,242
332,D7,POST,"commit/build/character/1/jewelAttach",200,24.222749000000476,603,243
333,D7,POST,"commit/build/character/4/jewelAttach",200,26.25873500000307,573,244
334,D7,POST,"commit/build/character/2/jewelAttach",200,29.813413000003493,573,245
335,D7,POST,"commit/build/character/5/jewelAttach",200,34.38354500000423,545,246
336,D7,POST,"commit/progress/elapsed",200,937.997662,472,247
337,manual,GET,"read/observation/expedition",200,56.896308,3225,247
338,D7-floor4,GET,"read/observation/party?partyNumber=1",200,43.964304,21435,247
339,D7-floor4,GET,"read/base/searchItems?state=owned&limit=5000&details=none",200,9.327190000000002,14256,247
340,D7-floor4,GET,"read/base/searchItems?category=jewel&state=owned&limit=5000&details=none",200,5.915842999999995,196,247
341,D7-floor4,POST,"commit/build/party/1",200,52.770278000010876,315,248
342,D7-floor4,POST,"commit/build/character/1/removeAllEquipment",200,39.12228500000492,390,249
343,D7-floor4,POST,"commit/build/character/6/removeAllEquipment",200,31.890497999993386,378,250
344,D7-floor4,POST,"commit/build/character/4/removeAllEquipment",200,33.466637999998056,382,251
345,D7-floor4,POST,"commit/build/character/2/removeAllEquipment",200,27.070673000009265,382,252
346,D7-floor4,POST,"commit/build/character/3/removeAllEquipment",200,52.25556199999119,374,253
347,D7-floor4,POST,"commit/build/character/5/removeAllEquipment",200,34.33438899999601,374,254
348,D7-floor4,POST,"commit/build/character/1/equip",200,40.130678999994416,538,255
349,D7-floor4,POST,"commit/build/character/6/equip",200,45.404529999999795,491,256
350,D7-floor4,POST,"commit/build/character/4/equip",200,39.644899999999325,506,257
351,D7-floor4,POST,"commit/build/character/2/equip",200,41.36788700000034,506,258
352,D7-floor4,POST,"commit/build/character/3/equip",200,41.22890600000392,476,259
353,D7-floor4,POST,"commit/build/character/5/equip",200,32.90246899999329,476,260
354,D7-floor4,GET,"read/observation/party?partyNumber=1",200,5.987349000002723,21537,260
355,D7-floor4,POST,"commit/build/character/1/jewelAttach",200,28.75561700000253,603,261
356,D7-floor4,POST,"commit/build/character/6/jewelAttach",200,28.0784549999953,556,262
357,D7-floor4,POST,"commit/build/character/6/jewelAttach",200,41.254828000004636,565,263
358,D7-floor4,POST,"commit/build/character/4/jewelAttach",200,45.61150299999281,573,264
359,D7-floor4,POST,"commit/build/character/4/jewelAttach",200,37.47602299999562,581,265
360,D7-floor4,POST,"commit/build/character/5/jewelAttach",200,33.49140600000101,545,266
361,D7-floor4,POST,"commit/progress/elapsed",200,1200.490564,472,267
362,manual,GET,"read/observation/expedition",200,67.977722,3114,267
363,D7-floor5,GET,"read/observation/party?partyNumber=1",200,42.93527,21584,267
364,D7-floor5,GET,"read/base/searchItems?state=owned&limit=5000&details=none",200,10.402162000000004,14554,267
365,D7-floor5,GET,"read/base/searchItems?category=jewel&state=owned&limit=5000&details=none",200,3.928752000000003,208,267
366,D7-floor5,POST,"commit/build/party/1",200,53.615042000004905,315,268
367,D7-floor5,POST,"commit/build/character/6/removeAllEquipment",200,37.434951999995974,378,269
368,D7-floor5,POST,"commit/build/character/1/removeAllEquipment",200,39.18219900000258,390,270
369,D7-floor5,POST,"commit/build/character/4/removeAllEquipment",200,35.93231399999058,382,271
370,D7-floor5,POST,"commit/build/character/2/removeAllEquipment",200,53.01397800000268,382,272
371,D7-floor5,POST,"commit/build/character/3/removeAllEquipment",200,37.56549800001085,374,273
372,D7-floor5,POST,"commit/build/character/5/removeAllEquipment",200,37.573302999997395,374,274
373,D7-floor5,POST,"commit/build/character/6/equip",200,43.837991000007605,491,275
374,D7-floor5,POST,"commit/build/character/1/equip",200,119.09863499998755,538,276
375,D7-floor5,POST,"commit/build/character/4/equip",200,41.65893900000083,506,277
376,D7-floor5,POST,"commit/build/character/2/equip",200,53.33697599999141,506,278
377,D7-floor5,POST,"commit/build/character/3/equip",200,69.62339799999609,476,279
378,D7-floor5,POST,"commit/build/character/5/equip",200,84.19857100000081,476,280
379,D7-floor5,GET,"read/observation/party?partyNumber=1",200,8.447549000004074,21349,280
380,D7-floor5,POST,"commit/build/character/6/jewelAttach",200,38.401010000001406,558,281
381,D7-floor5,POST,"commit/build/character/6/jewelAttach",200,46.37316399998963,564,282
382,D7-floor5,POST,"commit/build/character/1/jewelAttach",200,52.82365399999253,603,283
383,D7-floor5,POST,"commit/build/character/4/jewelAttach",200,35.042064000008395,573,284
384,D7-floor5,POST,"commit/build/character/4/jewelAttach",200,47.93785000000207,581,285
385,D7-floor5,POST,"commit/build/character/5/jewelAttach",200,33.23039000001154,545,286
386,D7-floor5,POST,"commit/progress/elapsed",200,1248.018746,472,287
387,D7-floor5,POST,"commit/progress/elapsed",200,1013.2190130000001,472,288
388,manual,GET,"read/observation/expedition",200,55.630053,3093,288
389,D7-floor5-upgrade,GET,"read/observation/party?partyNumber=1",200,49.36540099999999,21400,288
390,D7-floor5-upgrade,GET,"read/base/searchItems?state=owned&limit=5000&details=none",200,9.271330000000006,15022,288
391,D7-floor5-upgrade,GET,"read/base/searchItems?category=jewel&state=owned&limit=5000&details=none",200,6.551747000000006,208,288
392,D7-floor5-upgrade,POST,"commit/build/character/6/removeAllEquipment",200,120.72519700000703,378,289
393,D7-floor5-upgrade,POST,"commit/build/character/1/removeAllEquipment",200,41.57547199999681,390,290
394,D7-floor5-upgrade,POST,"commit/build/character/4/removeAllEquipment",200,49.92643899998802,382,291
395,D7-floor5-upgrade,POST,"commit/build/character/2/removeAllEquipment",200,37.38110499999311,382,292
396,D7-floor5-upgrade,POST,"commit/build/character/3/removeAllEquipment",200,63.70013800000015,374,293
397,D7-floor5-upgrade,POST,"commit/build/character/5/removeAllEquipment",200,34.90718000000925,374,294
398,D7-floor5-upgrade,POST,"commit/build/character/6/equip",200,43.16388300000108,491,295
399,D7-floor5-upgrade,POST,"commit/build/character/1/equip",200,53.05667199999152,538,296
400,D7-floor5-upgrade,POST,"commit/build/character/4/equip",200,53.205386000001454,506,297
401,D7-floor5-upgrade,POST,"commit/build/character/2/equip",200,51.35768800000369,506,298
402,D7-floor5-upgrade,POST,"commit/build/character/3/equip",200,35.63538200000767,476,299
403,D7-floor5-upgrade,POST,"commit/build/character/5/equip",200,39.6743060000008,476,300
404,D7-floor5-upgrade,GET,"read/observation/party?partyNumber=1",200,6.4773889999923995,21357,300
405,D7-floor5-upgrade,POST,"commit/build/character/6/jewelAttach",200,43.16957800000091,558,301
406,D7-floor5-upgrade,POST,"commit/build/character/6/jewelAttach",200,49.29205499999807,564,302
407,D7-floor5-upgrade,POST,"commit/build/character/1/jewelAttach",200,35.78837100000237,603,303
408,D7-floor5-upgrade,POST,"commit/build/character/4/jewelAttach",200,32.581025000006775,573,304
409,D7-floor5-upgrade,POST,"commit/build/character/4/jewelAttach",200,31.176158000002033,581,305
410,D7-floor5-upgrade,POST,"commit/build/character/5/jewelAttach",200,33.40908999998646,545,306
411,D7-floor5,POST,"commit/progress/elapsed",200,1287.445219,472,307
412,D7-floor5,POST,"commit/progress/elapsed",200,1066.0990000000002,472,308
413,manual,GET,"read/observation/expedition",200,72.439119,3001,308
414,D7-floor5,POST,"commit/progress/elapsed",200,1136.465087,472,309
415,D7-floor5,POST,"commit/progress/elapsed",200,899.5937350000002,472,310
416,manual,GET,"read/observation/expedition",200,46.958617000000004,2949,310
417,manual,GET,"read/base/searchItems?category=jewel&state=all&limit=5000&details=none",200,46.026250000000005,383,310
418,D7-boss-gate,GET,"read/observation/party?partyNumber=1",200,46.96806499999998,21429,310
419,D7-boss-gate,GET,"read/base/searchItems?state=owned&limit=5000&details=none",200,9.583058999999992,15749,310
420,D7-boss-gate,GET,"read/base/searchItems?category=jewel&state=owned&limit=5000&details=none",200,3.339157,220,310
421,D7-boss-gate,POST,"commit/build/party/1",200,53.774101999995764,315,311
422,D7-boss-gate,POST,"commit/build/character/1/removeAllEquipment",200,48.0089760000119,394,312
423,D7-boss-gate,POST,"commit/build/character/6/removeAllEquipment",200,50.58003199999803,382,313
424,D7-boss-gate,POST,"commit/build/character/2/removeAllEquipment",200,34.77193899999838,386,314
425,D7-boss-gate,POST,"commit/build/character/3/removeAllEquipment",200,37.14418300001125,378,315
426,D7-boss-gate,POST,"commit/build/character/5/removeAllEquipment",200,40.76905299999635,378,316
427,D7-boss-gate,POST,"commit/build/character/4/equip",200,36.985926000008476,538,317
428,D7-boss-gate,POST,"commit/build/character/1/equip",200,58.46154399999068,554,318
429,D7-boss-gate,POST,"commit/build/character/6/equip",200,41.646066000001156,506,319
430,D7-boss-gate,POST,"commit/build/character/2/equip",200,44.94764199999918,522,320
431,D7-boss-gate,POST,"commit/build/character/3/equip",200,60.65835899999365,491,321
432,D7-boss-gate,POST,"commit/build/character/5/equip",200,39.804378000000725,491,322
433,D7-boss-gate,GET,"read/observation/party?partyNumber=1",200,7.366506999998819,21455,322
434,D7-boss-gate,POST,"commit/build/character/4/jewelRemove",200,30.500992999994196,516,323
435,D7-boss-gate,POST,"commit/build/character/6/jewelAttach",200,38.911567999995896,571,324
436,D7-boss-gate,POST,"commit/build/character/6/jewelAttach",200,32.388171000013244,580,325
437,D7-boss-gate,POST,"commit/build/character/6/jewelAttach",200,33.392542999994475,586,326
438,D7-boss-gate,POST,"commit/build/character/6/jewelAttach",200,35.18768699999782,595,327
439,D7-boss-gate,POST,"commit/build/character/2/jewelAttach",200,30.11054100000183,589,328
440,D7-boss-gate,POST,"commit/build/character/5/jewelAttach",200,31.094849000000977,560,329
441,D7-boss-gate,POST,"commit/progress/elapsed",200,1071.973274,472,330
442,D7-boss-gate,POST,"commit/progress/elapsed",200,870.018345,472,331
443,manual,GET,"read/observation/expedition",200,43.95911,3016,331
444,D7-checkpoint,POST,"commit/setting/backup/export",200,547.314526,786371,332
445,D7-boss,POST,"commit/progress/elapsed",200,985.0052450000001,472,333
446,manual,GET,"read/observation/expedition",200,48.43720999999999,3000,333
447,D7-boss,POST,"commit/setting/backup/export",200,673.709573,789987,334
448,D7-boss,POST,"commit/build/party/1",200,47.76044899999397,315,335
449,D7-boss,POST,"commit/build/character/6/removeAllEquipment",200,43.85867899999721,382,336
450,D7-boss,POST,"commit/build/character/1/removeAllEquipment",200,33.60674200000358,394,337
451,D7-boss,POST,"commit/build/character/4/removeAllEquipment",200,47.06961199999205,386,338
452,D7-boss,POST,"commit/build/character/2/removeAllEquipment",200,60.32275999998092,386,339
453,D7-boss,POST,"commit/build/character/3/removeAllEquipment",200,36.857783000014024,378,340
454,D7-boss,POST,"commit/build/character/5/removeAllEquipment",200,34.27542900000117,378,341
455,D7-boss,POST,"commit/build/character/6/equip",200,40.262080000014976,506,342
456,D7-boss,POST,"commit/build/character/1/equip",200,47.705993000010494,554,343
457,D7-boss,POST,"commit/build/character/4/equip",200,44.99597000001813,522,344
458,D7-boss,POST,"commit/build/character/2/equip",200,42.729718999995384,522,345
459,D7-boss,POST,"commit/build/character/3/equip",200,49.281975999998394,491,346
460,D7-boss,POST,"commit/build/character/5/equip",200,55.19827299998724,491,347
461,D7-boss,POST,"commit/build/character/6/jewelAttach",200,33.78087499999674,571,348
462,D7-boss,POST,"commit/build/character/6/jewelAttach",200,30.888309000001755,580,349
463,D7-boss,POST,"commit/build/character/1/jewelAttach",200,38.980867000005674,619,350
464,D7-boss,POST,"commit/build/character/1/jewelAttach",200,48.67783899998176,628,351
465,D7-boss,POST,"commit/build/character/1/jewelAttach",200,34.86062600000878,636,352
466,D7-boss,POST,"commit/build/character/4/jewelAttach",200,39.56957500000135,589,353
467,D7-boss,POST,"commit/build/character/2/jewelAttach",200,29.80537899999763,589,354
468,D7-boss,POST,"commit/build/character/5/jewelAttach",200,30.474142999999458,560,355
469,D7-boss-upgrade,POST,"commit/setting/backup/export",200,591.569618,789978,356
470,D7-boss-upgrade,POST,"commit/build/character/6/removeAllEquipment",200,105.35972500000207,382,357
471,D7-boss-upgrade,POST,"commit/build/character/1/removeAllEquipment",200,41.8263050000096,394,358
472,D7-boss-upgrade,POST,"commit/build/character/4/removeAllEquipment",200,39.285602000003564,386,359
473,D7-boss-upgrade,POST,"commit/build/character/2/removeAllEquipment",200,60.37820400000783,386,360
474,D7-boss-upgrade,POST,"commit/build/character/3/removeAllEquipment",200,58.776531000010436,378,361
475,D7-boss-upgrade,POST,"commit/build/character/5/equip",200,36.814918999996735,500,362
476,D7-boss-upgrade,POST,"commit/build/character/6/equip",200,43.91655000000901,506,363
477,D7-boss-upgrade,POST,"commit/build/character/1/equip",200,45.153095000001485,554,364
478,D7-boss-upgrade,POST,"commit/build/character/4/equip",200,50.03065900001093,522,365
479,D7-boss-upgrade,POST,"commit/build/character/2/equip",200,62.04729999999108,522,366
480,D7-boss-upgrade,POST,"commit/build/character/3/equip",200,43.474130999995396,491,367
481,D7-boss-upgrade,POST,"commit/build/character/6/jewelAttach",200,34.747010999999475,573,368
482,D7-boss-upgrade,POST,"commit/build/character/6/jewelAttach",200,34.04827900000964,581,369
483,D7-boss-upgrade,POST,"commit/build/character/6/jewelAttach",200,38.703343999994104,587,370
484,D7-boss-upgrade,POST,"commit/build/character/1/jewelAttach",200,33.61127300000226,621,371
485,D7-boss-upgrade,POST,"commit/build/character/1/jewelAttach",200,35.9280940000026,627,372
486,D7-boss-upgrade,POST,"commit/build/character/4/jewelAttach",200,36.81239900000219,589,373
487,D7-boss-upgrade,POST,"commit/build/character/4/jewelAttach",200,31.591116000010516,597,374
488,D7-caster-fix,POST,"commit/setting/backup/export",200,592.4640069999999,789860,375
489,D7-caster-fix,POST,"commit/build/character/5/changeBuild",200,55.362020999999004,3056,376
490,D7-caster-fix,POST,"commit/build/character/5/equip",200,53.818906999998944,500,377
491,D7-caster-fix,POST,"commit/build/character/5/jewelAttach",409,10.987181000000419,230,377
492,D7-boss-final,POST,"commit/progress/elapsed",200,1053.159727,472,378
493,D7-boss-final,GET,"read/observation/expedition",200,46.00413399999999,3654,378
494,D8-entry,POST,"commit/expedition/1/changeExpedition",200,84.94183900000002,411,379
495,D8-entry,POST,"commit/progress/elapsed",200,753.6358349999999,472,380
496,D8-initial-build,POST,"commit/setting/backup/export",200,489.70662,708202,381
497,D8-initial-build,POST,"commit/build/character/6/removeAllEquipment",200,223.26335599999948,382,382
498,D8-initial-build,POST,"commit/build/character/1/removeAllEquipment",200,72.67383300000074,394,383
499,D8-initial-build,POST,"commit/build/character/4/removeAllEquipment",200,211.01534700000047,386,384
500,D8-initial-build,POST,"commit/build/character/2/removeAllEquipment",200,63.56657799999812,386,385
501,D8-initial-build,POST,"commit/build/character/3/removeAllEquipment",200,39.24197899999854,378,386
502,D8-initial-build,POST,"commit/build/character/5/removeAllEquipment",200,35.40923300000213,378,387
503,D8-initial-build,POST,"commit/build/character/6/equip",200,38.554753000000346,506,388
504,D8-initial-build,POST,"commit/build/character/1/equip",200,48.33014099999855,554,389
505,D8-initial-build,POST,"commit/build/character/4/equip",200,51.83340600000156,522,390
506,D8-initial-build,POST,"commit/build/character/2/equip",200,63.02177600000141,522,391
507,D8-initial-build,POST,"commit/build/character/3/equip",200,43.471276000000216,491,392
508,D8-initial-build,POST,"commit/build/character/5/equip",200,39.176165000000765,491,393
509,D8-initial-build,POST,"commit/build/character/6/jewelAttach",200,31.041768999999476,573,394
510,D8-initial-build,POST,"commit/build/character/6/jewelAttach",200,57.34168399999908,581,395
511,D8-initial-build,POST,"commit/build/character/1/jewelAttach",200,34.42792599999666,621,396
512,D8-initial-build,POST,"commit/build/character/1/jewelAttach",200,47.05567599999995,627,397
513,D8-initial-build,POST,"commit/build/character/1/jewelAttach",200,30.89183899999989,634,398
514,D8-initial-build,POST,"commit/build/character/4/jewelAttach",200,34.42533700000058,589,399
515,D8-initial-build,POST,"commit/build/character/2/jewelAttach",200,34.179817000000185,589,400
516,D8-initial-build,POST,"commit/build/character/5/jewelAttach",200,41.392352999999275,560,401
517,D8-initial-build,POST,"commit/build/character/5/jewelAttach",200,35.258843999999954,569,402
518,D8-progression,POST,"commit/progress/elapsed",200,1000.261736,472,403
519,D8-progression,GET,"read/observation/expedition",200,53.466899,3434,403
520,D8-progression,POST,"commit/progress/elapsed",200,951.773425,472,404
521,D8-progression,POST,"commit/progress/elapsed",200,884.513003,472,405
522,D8-progression,POST,"commit/progress/elapsed",200,739.0703490000001,472,406
523,D8-progression,GET,"read/observation/expedition",200,51.221413,3541,406
524,D8-progression,POST,"commit/progress/elapsed",200,1601.548456,472,407
525,D8-progression,POST,"commit/progress/elapsed",200,1010.4605389999999,472,408
526,D8-progression,GET,"read/observation/expedition",200,66.688271,3642,408
527,D8-floor2-upgrade,POST,"commit/setting/backup/export",200,704.6979329999999,806572,409
528,D8-floor2-upgrade,POST,"commit/build/character/6/removeAllEquipment",200,59.748467999997956,382,410
529,D8-floor2-upgrade,POST,"commit/build/character/1/removeAllEquipment",200,47.30959199999779,394,411
530,D8-floor2-upgrade,POST,"commit/build/character/4/removeAllEquipment",200,37.46857900000032,386,412
531,D8-floor2-upgrade,POST,"commit/build/character/2/removeAllEquipment",200,61.08614999999554,386,413
532,D8-floor2-upgrade,POST,"commit/build/character/3/removeAllEquipment",200,36.40866400000232,378,414
533,D8-floor2-upgrade,POST,"commit/build/character/5/removeAllEquipment",200,49.13264999999956,378,415
534,D8-floor2-upgrade,POST,"commit/build/character/6/equip",200,63.398449000000255,506,416
535,D8-floor2-upgrade,POST,"commit/build/character/1/equip",200,50.206783999994514,554,417
536,D8-floor2-upgrade,POST,"commit/build/character/4/equip",200,46.188688000002,522,418
537,D8-floor2-upgrade,POST,"commit/build/character/2/equip",200,44.33190100000502,522,419
538,D8-floor2-upgrade,POST,"commit/build/character/3/equip",200,56.989982999999484,491,420
539,D8-floor2-upgrade,POST,"commit/build/character/5/equip",200,44.70250500000111,491,421
540,D8-floor2-upgrade,POST,"commit/build/character/6/jewelAttach",200,38.10805700000492,571,422
541,D8-floor2-upgrade,POST,"commit/build/character/6/jewelAttach",200,40.850569000002,580,423
542,D8-floor2-upgrade,POST,"commit/build/character/1/jewelAttach",200,36.21968100000231,621,424
543,D8-floor2-upgrade,POST,"commit/build/character/1/jewelAttach",200,35.416098999994574,627,425
544,D8-floor2-upgrade,POST,"commit/build/character/1/jewelAttach",200,38.67074899999716,636,426
545,D8-floor2-upgrade,POST,"commit/build/character/4/jewelAttach",200,32.720298000000184,589,427
546,D8-floor2-upgrade,POST,"commit/build/character/2/jewelAttach",200,36.374304000004486,589,428
547,D8-floor2-upgrade,POST,"commit/build/character/5/jewelAttach",200,37.86642800000118,560,429
548,D8-floor2-upgrade,POST,"commit/build/character/5/jewelAttach",200,39.169732000002114,569,430
549,D8-floor2-verification,POST,"read/expedition/1/simulationRun",400,44.832746,333,
550,D8-floor2-verification,POST,"read/expedition/1/simulationRun",200,951.411785,2133,430
551,D8-progression,POST,"commit/progress/elapsed",200,853.917203,472,431
552,D8-progression,POST,"commit/progress/elapsed",200,834.4891640000001,472,432
553,D8-progression,POST,"commit/progress/elapsed",200,871.036372,472,433
554,D8-progression,POST,"commit/progress/elapsed",200,844.2281539999999,472,434
555,D8-progression,GET,"read/observation/expedition",200,50.156159,3549,434
556,D8-progression,POST,"commit/progress/elapsed",200,1083.738797,472,435
557,D8-progression,POST,"commit/progress/elapsed",200,985.200124,472,436
558,D8-progression,POST,"commit/progress/elapsed",200,784.581733,472,437
559,D8-progression,POST,"commit/progress/elapsed",200,688.6764159999998,472,438
560,D8-progression,GET,"read/observation/expedition",200,45.159223999999995,3458,438
561,D8-floor4-upgrade,POST,"commit/setting/backup/export",200,594.862529,797548,439
562,D8-floor4-upgrade,POST,"commit/build/party/1",200,88.82795800000167,315,440
563,D8-floor4-upgrade,POST,"commit/build/character/1/removeAllEquipment",200,43.45673199999874,394,441
564,D8-floor4-upgrade,POST,"commit/build/character/4/removeAllEquipment",200,42.71834099999978,386,442
565,D8-floor4-upgrade,POST,"commit/build/character/2/removeAllEquipment",200,57.761366999999154,386,443
566,D8-floor4-upgrade,POST,"commit/build/character/3/removeAllEquipment",200,46.03413200000068,378,444
567,D8-floor4-upgrade,POST,"commit/build/character/6/removeAllEquipment",200,43.26637800000026,382,445
568,D8-floor4-upgrade,POST,"commit/build/character/5/removeAllEquipment",200,36.80861200000072,378,446
569,D8-floor4-upgrade,POST,"commit/build/character/1/equip",200,45.63912799999525,554,447
570,D8-floor4-upgrade,POST,"commit/build/character/4/equip",200,58.909155999994255,522,448
571,D8-floor4-upgrade,POST,"commit/build/character/2/equip",200,61.73137499999575,522,449
572,D8-floor4-upgrade,POST,"commit/build/character/3/equip",200,49.91764200000034,491,450
573,D8-floor4-upgrade,POST,"commit/build/character/6/equip",200,57.372440999999526,506,451
574,D8-floor4-upgrade,POST,"commit/build/character/5/equip",200,47.75046100000327,491,452
575,D8-floor4-upgrade,POST,"commit/build/character/1/jewelAttach",200,45.39522600000055,619,453
576,D8-floor4-upgrade,POST,"commit/build/character/1/jewelAttach",200,50.14185400000133,628,454
577,D8-floor4-upgrade,POST,"commit/build/character/1/jewelAttach",200,55.05385199999728,636,455
578,D8-floor4-upgrade,POST,"commit/build/character/1/jewelAttach",200,36.76555999999982,642,456
579,D8-floor4-upgrade,POST,"commit/build/character/1/jewelAttach",200,34.72502700000041,651,457
580,D8-floor4-upgrade,POST,"commit/build/character/4/jewelAttach",200,36.29968700000609,589,458
581,D8-floor4-upgrade,POST,"commit/build/character/4/jewelAttach",200,37.335136999994575,597,459
582,D8-floor4-upgrade,POST,"commit/build/character/4/jewelAttach",200,54.77453800000512,606,460
583,D8-floor4-upgrade,POST,"commit/build/character/2/jewelAttach",200,43.93675499999517,589,461
584,D8-floor4-upgrade,POST,"commit/build/character/3/jewelAttach",200,46.09987700000056,558,462
585,D8-floor4-upgrade,POST,"commit/build/character/3/jewelAttach",200,39.47364299999754,566,463
586,D8-floor4-upgrade,POST,"commit/build/character/6/jewelAttach",200,36.484645999997156,573,464
587,D8-floor4-upgrade,POST,"commit/build/character/6/jewelAttach",200,34.436595999999554,579,465
588,D8-floor4-upgrade,POST,"commit/build/character/5/jewelAttach",200,52.66650800000207,560,466
589,D8-floor4-upgrade,POST,"commit/build/character/5/jewelAttach",200,45.15403399999923,569,467
590,D8-progression,POST,"commit/progress/elapsed",200,995.7013890000001,472,468
591,D8-progression,POST,"commit/progress/elapsed",200,745.773285,472,469
592,D8-progression,POST,"commit/progress/elapsed",200,726.7935749999999,472,470
593,D8-progression,GET,"read/observation/expedition",200,54.978944999999996,3345,470
594,D8-floor5-formation,POST,"commit/setting/backup/export",200,603.247001,807577,471
595,D8-floor5-formation,POST,"commit/build/party/1",200,56.21266800000012,315,472
596,D8-floor5-upgrade,POST,"commit/setting/backup/export",200,596.61944,807183,473
597,D8-floor5-upgrade,POST,"commit/build/party/1",200,99.61457800000062,315,474
598,D8-floor5-upgrade,POST,"commit/build/character/6/removeAllEquipment",200,74.1786759999959,382,475
599,D8-floor5-upgrade,POST,"commit/build/character/1/removeAllEquipment",200,46.35617099999945,394,476
600,D8-floor5-upgrade,POST,"commit/build/character/5/removeAllEquipment",200,41.27003700000205,378,477
601,D8-floor5-upgrade,POST,"commit/build/character/4/equip",200,58.981260000000475,546,478
602,D8-floor5-upgrade,POST,"commit/build/character/2/equip",200,56.025862000002235,530,479
603,D8-floor5-upgrade,POST,"commit/build/character/6/equip",200,54.98807300000044,506,480
604,D8-floor5-upgrade,POST,"commit/build/character/1/equip",200,57.50601299999835,554,481
605,D8-floor5-upgrade,POST,"commit/build/character/5/equip",200,69.01587499999732,491,482
606,D8-floor5-upgrade,POST,"commit/build/character/6/jewelAttach",200,46.33837399999902,571,483
607,D8-floor5-upgrade,POST,"commit/build/character/6/jewelAttach",200,39.98891100000037,580,484
608,D8-floor5-upgrade,POST,"commit/build/character/1/jewelAttach",200,41.8201659999977,619,485
609,D8-floor5-upgrade,POST,"commit/build/character/1/jewelAttach",200,36.560857000004034,628,486
610,D8-floor5-upgrade,POST,"commit/build/character/1/jewelAttach",200,42.36651100000017,636,487
611,D8-floor5-upgrade,POST,"commit/build/character/1/jewelAttach",200,35.115859999998065,642,488
612,D8-floor5-upgrade,POST,"commit/build/character/1/jewelAttach",200,32.620866999997816,651,489
613,D8-floor5-upgrade,POST,"commit/build/character/2/jewelAttach",200,43.06240900000557,597,490
614,D8-floor5-upgrade,POST,"commit/build/character/5/jewelAttach",200,41.77078299999994,560,491
615,D8-floor5-upgrade,POST,"commit/build/character/5/jewelAttach",200,39.47001399999863,569,492
616,D8-floor5-caster,POST,"commit/setting/backup/export",200,615.720079,807593,493
617,D8-floor5-support,POST,"commit/setting/backup/export",200,678.562136,807603,494
618,D8-floor5-support,POST,"commit/build/party/1",200,56.31475499999942,315,495
619,D8-floor5-support,POST,"commit/build/character/1/equip",200,56.6108799999929,592,496
620,D8-floor5-support,POST,"commit/build/character/6/equip",200,38.15922100000898,521,497
621,D8-floor5-support,POST,"commit/build/character/6/jewelRemove",200,48.454487000009976,499,498
622,D8-floor5-support,POST,"commit/build/character/1/jewelRemove",200,55.2746530000004,570,499
623,D8-floor5-support,POST,"commit/build/character/1/jewelRemove",200,51.49453999999969,562,500
624,D8-floor5-support,POST,"commit/build/character/1/jewelRemove",200,39.254770999992616,555,501
625,D8-floor5-support,POST,"commit/build/character/1/jewelRemove",200,34.9338790000038,547,502
626,D8-floor5-support,POST,"commit/build/character/1/jewelAttach",200,41.38694799999939,626,503
627,D8-floor5-support,POST,"commit/build/character/1/jewelAttach",200,50.78017299999192,635,504
628,D8-floor5-support,POST,"commit/build/character/1/jewelAttach",200,47.010599999994156,643,505
629,D8-floor5-support,POST,"commit/build/character/1/jewelAttach",200,39.52945400000317,651,506
630,D8-floor5-support,POST,"commit/build/character/6/jewelAttach",200,35.47987999999896,580,507
631,D8-floor5-attacker-HP,POST,"commit/setting/backup/export",200,650.5842749999999,806872,508
632,D8-progression,POST,"commit/progress/elapsed",200,939.140264,472,509
633,D8-progression,POST,"commit/progress/elapsed",200,882.123425,472,510
634,D8-progression,POST,"commit/progress/elapsed",200,788.9696889999998,472,511
635,D8-progression,POST,"commit/progress/elapsed",200,583.0135840000003,472,512
636,D8-progression,GET,"read/observation/expedition",200,46.97263100000001,3346,512
637,D8-floor5-deity,POST,"commit/setting/backup/export",200,679.042375,798871,513
638,D8-floor5-refreshed,POST,"commit/build/party/1",200,94.14490900000237,315,514
639,D8-floor5-refreshed,POST,"commit/build/character/1/removeAllEquipment",200,48.93177499999729,394,515
640,D8-floor5-refreshed,POST,"commit/build/character/6/removeAllEquipment",200,62.38154499999655,382,516
641,D8-floor5-refreshed,POST,"commit/build/character/4/removeAllEquipment",200,42.235500999995566,386,517
642,D8-floor5-refreshed,POST,"commit/build/character/2/removeAllEquipment",200,49.636819999999716,386,518
643,D8-floor5-refreshed,POST,"commit/build/character/3/removeAllEquipment",200,38.000733000000764,378,519
644,D8-floor5-refreshed,POST,"commit/build/character/5/removeAllEquipment",200,34.14719999999943,378,520
645,D8-floor5-refreshed,POST,"commit/build/character/1/equip",200,44.910962000001746,554,521
646,D8-floor5-refreshed,POST,"commit/build/character/6/equip",200,40.149898000003304,506,522
647,D8-floor5-refreshed,POST,"commit/build/character/4/equip",200,46.90438600000198,522,523
648,D8-floor5-refreshed,POST,"commit/build/character/2/equip",200,48.39053099999728,522,524
649,D8-floor5-refreshed,POST,"commit/build/character/3/equip",200,87.61231200000475,491,525
650,D8-floor5-refreshed,POST,"commit/build/character/5/equip",200,51.55304999999498,491,526
651,D8-floor5-refreshed,POST,"commit/build/character/1/jewelAttach",200,42.271404999999504,621,527
652,D8-floor5-refreshed,POST,"commit/build/character/1/jewelAttach",200,33.20139399999607,627,528
653,D8-floor5-refreshed,POST,"commit/build/character/1/jewelAttach",200,47.5565129999959,634,529
654,D8-floor5-refreshed,POST,"commit/build/character/1/jewelAttach",200,37.036434000001464,641,530
655,D8-floor5-refreshed,POST,"commit/build/character/1/jewelAttach",200,60.49752199999784,648,531
656,D8-floor5-refreshed,POST,"commit/build/character/1/jewelAttach",200,48.178148999999394,657,532
657,D8-floor5-refreshed,POST,"commit/build/character/1/jewelAttach",200,53.73251400000299,665,533
658,D8-floor5-refreshed,POST,"commit/build/character/6/jewelAttach",200,42.530916000003344,573,534
659,D8-floor5-refreshed,POST,"commit/build/character/6/jewelAttach",200,38.99788999999873,581,535
660,D8-floor5-refreshed,POST,"commit/build/character/6/jewelAttach",200,47.400635999998485,587,536
661,D8-floor5-refreshed,POST,"commit/build/character/4/jewelAttach",200,34.98513300000195,589,537
662,D8-floor5-refreshed,POST,"commit/build/character/4/jewelAttach",200,40.06475200000568,597,538
663,D8-floor5-refreshed,POST,"commit/build/character/4/jewelAttach",200,38.22530299999926,605,539
664,D8-floor5-refreshed,POST,"commit/build/character/4/jewelAttach",200,47.98966600000131,614,540
665,D8-floor5-refreshed,POST,"commit/build/character/2/jewelAttach",200,72.48547700000199,589,541
666,D8-floor5-refreshed,POST,"commit/build/character/2/jewelAttach",200,51.89324700000725,597,542
667,D8-floor5-refreshed,POST,"commit/build/character/3/jewelAttach",200,56.324525999996695,558,543
668,D8-floor5-refreshed,POST,"commit/build/character/3/jewelAttach",200,43.25458200000139,566,544
669,D8-floor5-refreshed,POST,"commit/build/character/3/jewelAttach",200,36.32611600000382,574,545
670,D8-floor5-refreshed,POST,"commit/build/character/5/jewelAttach",200,55.30379299999913,560,546
671,D8-floor5-refreshed,POST,"commit/build/character/5/jewelAttach",200,41.70518400000583,569,547
672,D8-floor5-refreshed,POST,"commit/build/character/5/jewelAttach",200,36.533281000003626,578,548
673,D8-progression,POST,"commit/progress/elapsed",200,995.300697,472,549
674,D8-progression,POST,"commit/progress/elapsed",200,771.82035,472,550
675,D8-progression,POST,"commit/progress/elapsed",200,663.3187909999999,472,551
676,D8-progression,POST,"commit/progress/elapsed",200,639.780812,472,552
677,D8-progression,GET,"read/observation/expedition",200,57.071708,3456,552
678,D8-progression,POST,"commit/progress/elapsed",200,941.0136120000001,472,553
679,D8-progression,POST,"commit/progress/elapsed",200,781.3066959999999,472,554
680,D8-progression,POST,"commit/progress/elapsed",200,694.9186089999998,472,555
681,D8-progression,POST,"commit/progress/elapsed",200,833.2695209999997,472,556
682,D8-progression,GET,"read/observation/expedition",200,59.60792899999999,3343,556
683,D8-floor5-latest,POST,"commit/setting/backup/export",200,659.671389,854128,557
684,D8-floor5-latest,POST,"commit/build/party/1",200,93.40499999999997,315,558
685,D8-floor5-latest,POST,"commit/build/character/6/removeEquipment",200,71.48378000000002,464,559
686,D8-floor5-latest,POST,"commit/build/character/1/removeEquipment",200,90.73263500000007,561,560
687,D8-floor5-latest,POST,"commit/build/character/4/removeEquipment",200,43.773840000000064,518,561
688,D8-floor5-latest,POST,"commit/build/character/2/removeEquipment",200,47.80427099999997,460,562
689,D8-floor5-latest,POST,"commit/build/character/3/removeEquipment",200,54.608416000000034,468,563
690,D8-floor5-latest,POST,"commit/build/character/5/removeEquipment",200,52.66209600000002,451,564
691,D8-floor5-latest,POST,"commit/build/character/6/equip",200,45.76348900000005,522,565
692,D8-floor5-latest,POST,"commit/build/character/1/equip",200,42.83132999999998,598,566
693,D8-floor5-latest,POST,"commit/build/character/4/equip",200,55.01498600000002,554,567
694,D8-floor5-latest,POST,"commit/build/character/2/equip",200,41.34660500000018,530,568
695,D8-floor5-latest,POST,"commit/build/character/3/equip",200,38.42082800000003,515,569
696,D8-floor5-latest,POST,"commit/build/character/5/equip",200,45.938870999999835,509,570
697,D8-floor5-latest,POST,"commit/build/character/1/jewelRemove",200,38.15530599999988,577,571
698,D8-floor5-latest,POST,"commit/build/character/1/jewelRemove",200,37.64181899999994,570,572
699,D8-floor5-latest,POST,"commit/build/character/6/jewelRemove",200,42.277724000000035,500,573
700,D8-floor5-latest,POST,"commit/build/character/6/jewelRemove",200,38.694709999999986,492,574
701,D8-floor5-latest,POST,"commit/build/character/2/jewelRemove",200,44.509238000000096,508,575
702,D8-floor5-latest,POST,"commit/build/character/3/jewelRemove",200,35.01915699999995,493,576
703,D8-floor5-latest,POST,"commit/build/character/5/jewelRemove",200,36.41840699999989,486,577
704,D8-floor5-latest,POST,"commit/build/character/5/jewelRemove",200,52.197002999999995,477,578
705,D8-floor5-latest,POST,"commit/build/character/6/jewelAttach",200,44.42628100000002,573,579
706,D8-floor5-latest,POST,"commit/build/character/6/jewelAttach",200,36.800419999999804,579,580
707,D8-floor5-latest,POST,"commit/build/character/6/jewelAttach",200,35.79130699999996,586,581
708,D8-floor5-latest,POST,"commit/build/character/6/jewelAttach",200,63.57159499999989,595,582
709,D8-floor5-latest,POST,"commit/build/character/6/jewelAttach",200,46.015791000000036,603,583
710,D8-floor5-latest,POST,"commit/build/character/6/jewelAttach",200,36.635176,609,584
711,D8-floor5-latest,POST,"commit/build/character/1/jewelAttach",200,51.04384500000015,651,585
712,D8-floor5-latest,POST,"commit/build/character/1/jewelAttach",200,47.66020900000012,660,586
713,D8-floor5-latest,POST,"commit/build/character/4/jewelAttach",200,41.712896999999884,621,587
714,D8-floor5-latest,POST,"commit/build/character/2/jewelAttach",200,34.3803969999999,589,588
715,D8-floor5-latest,POST,"commit/build/character/2/jewelAttach",200,38.29194400000006,597,589
716,D8-floor5-latest,POST,"commit/build/character/2/jewelAttach",200,44.16253000000006,605,590
717,D8-floor5-latest,POST,"commit/build/character/5/jewelAttach",200,46.500579000000016,560,591
718,D8-floor5-latest,POST,"commit/build/character/5/jewelAttach",200,40.31908300000032,569,592
719,D8-floor5-latest,POST,"commit/build/character/5/jewelAttach",200,42.13787599999978,578,593
720,D8-floor5-latest-validation,POST,"read/expedition/1/simulationRun",200,1676.115545,3848,593
721,D8-progression,POST,"commit/progress/elapsed",200,827.050189,472,594
722,D8-progression,POST,"commit/progress/elapsed",200,783.265559,472,595
723,D8-progression,POST,"commit/progress/elapsed",200,582.2484959999999,472,596
724,D8-progression,GET,"read/observation/expedition",200,43.47366100000001,3343,596
725,D8-progression,POST,"commit/progress/elapsed",200,956.4795280000001,472,597
726,D8-progression,POST,"commit/progress/elapsed",200,720.5013700000001,472,598
727,D8-progression,GET,"read/observation/expedition",200,42.927018,3342,598
728,D8-progression,POST,"commit/progress/elapsed",200,797.832561,472,599
729,D8-progression,POST,"commit/progress/elapsed",200,810.939642,472,600
730,D8-progression,GET,"read/observation/expedition",200,76.171728,3433,600
731,D8-floor5-live-check,POST,"read/expedition/1/simulationRun",200,1624.078997,3853,600
732,D8-progression,POST,"commit/progress/elapsed",200,660.0302360000001,472,601
733,D8-progression,POST,"commit/progress/elapsed",200,644.043449,472,602
734,D8-progression,GET,"read/observation/expedition",200,53.827194000000006,3652,602
735,D8-progression,POST,"commit/progress/elapsed",200,841.4654499999999,472,603
736,D8-progression,POST,"commit/progress/elapsed",200,797.9490490000001,472,604
737,D8-progression,GET,"read/observation/expedition",200,41.204468,3543,604
738,D8-instant-final,POST,"commit/expedition/1/sortie",200,115.67249400000001,436,605
739,D8-instant-final,POST,"commit/expedition/1/sortie",200,54.526644000000005,409,606
740,D8-instant-final,POST,"commit/expedition/1/sortie",200,103.39122999999998,487,607
741,D8-instant-final,GET,"read/observation/expedition",200,7.962939000000006,3560,607
742,D8-boss-progression,POST,"commit/progress/elapsed",200,779.5256880000001,472,608
743,D8-boss-progression,GET,"read/observation/expedition",200,60.816181,3340,608
744,final-verification,GET,"read/observation/diary?partyNumber=1",200,88.49540000000002,49287,608
745,final-verification,GET,"read/expedition/1/setting",200,7.454026999999996,446,608
746,final-save,POST,"commit/setting/backup/export",200,594.7449949999999,817182,608
747,final-verification,GET,"read/expedition/1/latestBattleLog?logId=diary%3A1794639280287-yauqj6",200,96.51005500000002,109464,608
