call,route,status,duration_ms,revision,in_game_time
1,/fundamental/signUp,200,64.712,0,
2,/fundamental/logIn,200,59.61,0,
3,/commit/build/character/1/changeBuild,200,63.415,1,
4,/commit/build/character/2/changeBuild,200,9.916,2,
5,/commit/build/character/3/changeBuild,200,13.124,3,
6,/commit/build/character/4/changeBuild,200,9.619,4,
7,/commit/build/character/5/changeBuild,200,6.446,4,
8,/commit/build/character/6/changeBuild,200,9.513,5,
9,/commit/build/party/1,200,7.959,6,
10,/commit/expedition/1/changeExpedition,200,6.952,7,
11,/read/observation/expedition,200,78.119,7,
12,/read/observation/party,200,15.572,7,
13,/read/base/searchItems,200,5.329,7,
14,/read/base/searchItems,200,2.265,7,
15,/commit/progress/elapsed,200,131.14,8,2026-10-04T02:08:12.012Z
16,/read/observation/expedition,200,4.511,8,2026-10-04T02:08:12.012Z
17,/commit/progress/elapsed,200,226.989,9,2026-10-04T14:08:12.012Z
18,/read/observation/expedition,200,5.544,9,2026-10-04T14:08:12.012Z
19,/commit/progress/elapsed,200,198.369,10,2026-10-05T02:08:12.012Z
20,/read/observation/expedition,200,7.884,10,2026-10-05T02:08:12.012Z
21,/commit/expedition/1/changeExpedition,200,49.59,11,2026-10-05T02:08:12.012Z
22,/commit/progress/elapsed,200,63.918,12,2026-10-05T14:08:12.012Z
23,/read/observation/expedition,200,3.53,12,2026-10-05T14:08:12.012Z
24,/commit/progress/elapsed,200,171.708,13,2026-10-06T02:08:12.012Z
25,/read/observation/expedition,200,4.314,13,2026-10-06T02:08:12.012Z
26,/commit/progress/elapsed,200,196.406,14,2026-10-06T14:08:12.012Z
27,/read/observation/expedition,200,5.306,14,2026-10-06T14:08:12.012Z
28,/commit/progress/elapsed,200,166.39,15,2026-10-07T02:08:12.012Z
29,/read/observation/expedition,200,4.472,15,2026-10-07T02:08:12.012Z
30,/commit/progress/elapsed,200,125.86,16,2026-10-07T14:08:12.012Z
31,/read/observation/expedition,200,4.02,16,2026-10-07T14:08:12.012Z
32,/commit/progress/elapsed,200,129.708,17,2026-10-08T02:08:12.012Z
33,/read/observation/expedition,200,3.415,17,2026-10-08T02:08:12.012Z
34,/commit/setting/backup/export,200,171.145,,2026-10-08T02:08:12.012Z
35,/commit/build/character/6/removeEquipment,200,58.837,18,2026-10-08T02:08:12.012Z
36,/commit/build/character/1/removeEquipment,200,24.435,19,2026-10-08T02:08:12.012Z
37,/commit/build/character/4/removeEquipment,200,32.839,20,2026-10-08T02:08:12.012Z
38,/commit/build/character/2/removeEquipment,200,15.307,21,2026-10-08T02:08:12.012Z
39,/commit/build/character/3/removeEquipment,200,14.791,22,2026-10-08T02:08:12.012Z
40,/commit/build/character/5/removeEquipment,200,11.914,23,2026-10-08T02:08:12.012Z
41,/commit/build/character/6/equip,200,15.501,24,2026-10-08T02:08:12.012Z
42,/commit/build/character/1/equip,200,11.534,25,2026-10-08T02:08:12.012Z
43,/commit/build/character/4/equip,200,12.954,26,2026-10-08T02:08:12.012Z
44,/commit/build/character/2/equip,200,11.061,27,2026-10-08T02:08:12.012Z
45,/commit/build/character/3/equip,200,12.281,28,2026-10-08T02:08:12.012Z
46,/commit/build/character/5/equip,200,11.188,29,2026-10-08T02:08:12.012Z
47,/commit/progress/elapsed,200,236.267,30,2026-10-08T14:08:12.012Z
48,/read/observation/expedition,200,5.297,30,2026-10-08T14:08:12.012Z
49,/commit/expedition/1/changeExpedition,200,15.678,31,2026-10-08T14:08:12.012Z
50,/commit/progress/elapsed,200,84.326,32,2026-10-09T02:08:12.012Z
51,/read/observation/expedition,200,4.309,32,2026-10-09T02:08:12.012Z
52,/commit/progress/elapsed,200,177.229,33,2026-10-09T14:08:12.012Z
53,/read/observation/expedition,200,4.108,33,2026-10-09T14:08:12.012Z
54,/commit/expedition/1/changeExpedition,200,11.41,34,2026-10-09T14:08:12.012Z
55,/commit/progress/elapsed,200,97.276,35,2026-10-10T02:08:12.012Z
56,/read/observation/expedition,200,4.673,35,2026-10-10T02:08:12.012Z
57,/commit/setting/backup/export,200,98.82,,2026-10-10T02:08:12.012Z
58,/commit/build/character/6/removeEquipment,200,56.63,36,2026-10-10T02:08:12.012Z
59,/commit/build/character/1/removeEquipment,200,25.883,37,2026-10-10T02:08:12.012Z
60,/commit/build/character/4/removeEquipment,200,18.562,38,2026-10-10T02:08:12.012Z
61,/commit/build/character/2/removeEquipment,200,15.195,39,2026-10-10T02:08:12.012Z
62,/commit/build/character/3/removeEquipment,200,18.494,40,2026-10-10T02:08:12.012Z
63,/commit/build/character/5/removeEquipment,200,13.814,41,2026-10-10T02:08:12.012Z
64,/commit/build/character/6/equip,200,13.067,42,2026-10-10T02:08:12.012Z
65,/commit/build/character/1/equip,200,16.696,43,2026-10-10T02:08:12.012Z
66,/commit/build/character/4/equip,200,23.317,44,2026-10-10T02:08:12.012Z
67,/commit/build/character/2/equip,200,14.253,45,2026-10-10T02:08:12.012Z
68,/commit/build/character/3/equip,200,15.095,46,2026-10-10T02:08:12.012Z
69,/commit/build/character/5/equip,200,15.376,47,2026-10-10T02:08:12.012Z
70,/commit/progress/elapsed,200,281.44,48,2026-10-10T14:08:12.012Z
71,/read/observation/expedition,200,4.777,48,2026-10-10T14:08:12.012Z
72,/commit/progress/elapsed,200,228.17,49,2026-10-11T02:08:12.012Z
73,/read/observation/expedition,200,6.376,49,2026-10-11T02:08:12.012Z
74,/commit/progress/elapsed,200,253.287,50,2026-10-11T14:08:12.012Z
75,/read/observation/expedition,200,5.944,50,2026-10-11T14:08:12.012Z
76,/commit/progress/elapsed,200,305.628,51,2026-10-12T02:08:12.012Z
77,/read/observation/expedition,200,4.699,51,2026-10-12T02:08:12.012Z
78,/commit/setting/backup/export,200,176.404,,2026-10-12T02:08:12.012Z
79,/commit/build/party/1,409,44.902,52,2026-10-12T02:08:12.012Z
80,/commit/progress/elapsed,200,353.615,53,2026-10-12T14:08:12.012Z
81,/read/observation/expedition,200,10.101,53,2026-10-12T14:08:12.012Z
82,/commit/progress/elapsed,200,357.561,54,2026-10-13T02:08:12.012Z
83,/read/observation/expedition,200,4.035,54,2026-10-13T02:08:12.012Z
84,/commit/progress/elapsed,200,272.077,55,2026-10-13T14:08:12.012Z
85,/read/observation/expedition,200,5.093,55,2026-10-13T14:08:12.012Z
86,/commit/setting/backup/export,200,222.845,56,2026-10-13T14:08:12.012Z
87,/commit/build/party/1,200,49.993,57,2026-10-13T14:08:12.012Z
88,/commit/build/character/1/removeEquipment,200,25.494,58,2026-10-13T14:08:12.012Z
89,/commit/build/character/6/removeEquipment,200,20.776,59,2026-10-13T14:08:12.012Z
90,/commit/build/character/4/removeEquipment,200,20.821,60,2026-10-13T14:08:12.012Z
91,/commit/build/character/2/removeEquipment,200,16.745,61,2026-10-13T14:08:12.012Z
92,/commit/build/character/3/removeEquipment,200,16.729,62,2026-10-13T14:08:12.012Z
93,/commit/build/character/5/removeEquipment,200,32.655,63,2026-10-13T14:08:12.012Z
94,/commit/build/character/1/equip,200,28.524,64,2026-10-13T14:08:12.012Z
95,/commit/build/character/6/equip,200,17.789,65,2026-10-13T14:08:12.012Z
96,/commit/build/character/4/equip,200,15.438,66,2026-10-13T14:08:12.012Z
97,/commit/build/character/2/equip,200,16.121,67,2026-10-13T14:08:12.012Z
98,/commit/build/character/3/equip,200,15.302,68,2026-10-13T14:08:12.012Z
99,/commit/build/character/5/equip,200,14.019,69,2026-10-13T14:08:12.012Z
100,/commit/build/character/1/jewelAttach,200,16.398,70,2026-10-13T14:08:12.012Z
101,/commit/progress/elapsed,200,418.491,71,2026-10-14T02:08:12.012Z
102,/read/observation/expedition,200,11.691,71,2026-10-14T02:08:12.012Z
103,/commit/expedition/1/changeExpedition,200,25.857,72,2026-10-14T02:08:12.012Z
104,/commit/progress/elapsed,200,280.948,73,2026-10-14T14:08:12.012Z
105,/read/observation/expedition,200,6.251,73,2026-10-14T14:08:12.012Z
106,/commit/setting/backup/export,200,210.777,74,2026-10-14T14:08:12.012Z
107,/commit/build/character/1/removeEquipment,200,65.658,75,2026-10-14T14:08:12.012Z
108,/commit/build/character/6/removeEquipment,200,18.69,76,2026-10-14T14:08:12.012Z
109,/commit/build/character/4/removeEquipment,200,17.86,77,2026-10-14T14:08:12.012Z
110,/commit/build/character/2/removeEquipment,200,17.902,78,2026-10-14T14:08:12.012Z
111,/commit/build/character/3/removeEquipment,200,16.727,79,2026-10-14T14:08:12.012Z
112,/commit/build/character/5/removeEquipment,200,21.069,80,2026-10-14T14:08:12.012Z
113,/commit/build/character/1/equip,200,14.592,81,2026-10-14T14:08:12.012Z
114,/commit/build/character/6/equip,200,18.131,82,2026-10-14T14:08:12.012Z
115,/commit/build/character/4/equip,200,34.019,83,2026-10-14T14:08:12.012Z
116,/commit/build/character/2/equip,200,17.031,84,2026-10-14T14:08:12.012Z
117,/commit/build/character/3/equip,200,16.518,85,2026-10-14T14:08:12.012Z
118,/commit/build/character/5/equip,200,15.944,86,2026-10-14T14:08:12.012Z
119,/commit/build/character/6/jewelAttach,200,14.37,87,2026-10-14T14:08:12.012Z
120,/commit/progress/elapsed,200,482.442,88,2026-10-15T02:08:12.012Z
121,/read/observation/expedition,200,7.606,88,2026-10-15T02:08:12.012Z
122,/commit/progress/elapsed,200,397.365,89,2026-10-15T14:08:12.012Z
123,/read/observation/expedition,200,5.204,89,2026-10-15T14:08:12.012Z
124,/commit/progress/elapsed,200,564.538,90,2026-10-16T02:08:12.012Z
125,/read/observation/expedition,200,12.314,90,2026-10-16T02:08:12.012Z
126,/commit/setting/backup/export,200,302.625,91,2026-10-16T02:08:12.012Z
127,/commit/build/party/1,200,57.556,92,2026-10-16T02:08:12.012Z
128,/commit/build/character/6/removeEquipment,200,32.181,93,2026-10-16T02:08:12.012Z
129,/commit/build/character/1/removeEquipment,200,28.321,94,2026-10-16T02:08:12.012Z
130,/commit/build/character/4/removeEquipment,200,22.283,95,2026-10-16T02:08:12.012Z
131,/commit/build/character/2/removeEquipment,200,34.301,96,2026-10-16T02:08:12.012Z
132,/commit/build/character/3/removeEquipment,200,21.133,97,2026-10-16T02:08:12.012Z
133,/commit/build/character/5/removeEquipment,200,19.583,98,2026-10-16T02:08:12.012Z
134,/commit/build/character/6/equip,200,18.169,99,2026-10-16T02:08:12.012Z
135,/commit/build/character/1/equip,200,21.901,100,2026-10-16T02:08:12.012Z
136,/commit/build/character/4/equip,200,19.808,101,2026-10-16T02:08:12.012Z
137,/commit/build/character/2/equip,200,20.569,102,2026-10-16T02:08:12.012Z
138,/commit/build/character/3/equip,200,31.984,103,2026-10-16T02:08:12.012Z
139,/commit/build/character/5/equip,200,21.906,104,2026-10-16T02:08:12.012Z
140,/commit/build/character/1/jewelAttach,200,20.16,105,2026-10-16T02:08:12.012Z
141,/commit/build/character/1/jewelAttach,200,19.528,106,2026-10-16T02:08:12.012Z
142,/commit/progress/elapsed,200,634.414,107,2026-10-16T14:08:12.012Z
143,/read/observation/expedition,200,12.727,107,2026-10-16T14:08:12.012Z
144,/commit/expedition/1/changeExpedition,200,64.592,108,2026-10-16T14:08:12.012Z
145,/commit/progress/elapsed,200,417.23,109,2026-10-17T02:08:12.012Z
146,/read/observation/expedition,200,10.082,109,2026-10-17T02:08:12.012Z
147,/commit/progress/elapsed,200,626.601,110,2026-10-17T14:08:12.012Z
148,/read/observation/expedition,200,19.375,110,2026-10-17T14:08:12.012Z
149,/commit/setting/backup/export,200,293.46,111,2026-10-17T14:08:12.012Z
150,/commit/build/character/6/removeEquipment,200,67.759,112,2026-10-17T14:08:12.012Z
151,/commit/build/character/1/removeEquipment,200,27.093,113,2026-10-17T14:08:12.012Z
152,/commit/build/character/4/removeEquipment,200,36.565,114,2026-10-17T14:08:12.012Z
153,/commit/build/character/2/removeEquipment,200,34.292,115,2026-10-17T14:08:12.012Z
154,/commit/build/character/3/removeEquipment,200,25.568,116,2026-10-17T14:08:12.012Z
155,/commit/build/character/5/removeEquipment,200,27.961,117,2026-10-17T14:08:12.012Z
156,/commit/build/character/6/equip,200,31.279,118,2026-10-17T14:08:12.012Z
157,/commit/build/character/1/equip,200,24.214,119,2026-10-17T14:08:12.012Z
158,/commit/build/character/4/equip,200,41.768,120,2026-10-17T14:08:12.012Z
159,/commit/build/character/2/equip,200,26.572,121,2026-10-17T14:08:12.012Z
160,/commit/build/character/3/equip,200,25.211,122,2026-10-17T14:08:12.012Z
161,/commit/build/character/5/equip,200,21.721,123,2026-10-17T14:08:12.012Z
162,/commit/build/character/6/jewelAttach,200,23.309,124,2026-10-17T14:08:12.012Z
163,/read/observation/party,200,47.657,124,2026-10-17T14:08:12.012Z
164,/read/expedition/1/simulationRun,200,1350.349,124,2026-10-17T14:08:12.012Z
165,/commit/progress/elapsed,200,714.447,125,2026-10-18T02:08:12.012Z
166,/commit/progress/elapsed,200,586.158,126,2026-10-18T14:08:12.012Z
167,/read/observation/expedition,200,6.001,126,2026-10-18T14:08:12.012Z
168,/commit/setting/backup/export,200,345.659,127,2026-10-18T14:08:12.012Z
169,/commit/build/character/6/removeEquipment,200,72.173,128,2026-10-18T14:08:12.012Z
170,/commit/build/character/1/removeEquipment,200,35.854,129,2026-10-18T14:08:12.012Z
171,/commit/build/character/4/removeEquipment,200,29.84,130,2026-10-18T14:08:12.012Z
172,/commit/build/character/2/removeEquipment,200,29.109,131,2026-10-18T14:08:12.012Z
173,/commit/build/character/3/removeEquipment,200,26.963,132,2026-10-18T14:08:12.012Z
174,/commit/build/character/5/removeEquipment,200,26.623,133,2026-10-18T14:08:12.012Z
175,/commit/build/character/6/equip,200,30.549,134,2026-10-18T14:08:12.012Z
176,/commit/build/character/1/equip,200,31.799,135,2026-10-18T14:08:12.012Z
177,/commit/build/character/4/equip,200,29.439,136,2026-10-18T14:08:12.012Z
178,/commit/build/character/2/equip,200,30.39,137,2026-10-18T14:08:12.012Z
179,/commit/build/character/3/equip,200,27.617,138,2026-10-18T14:08:12.012Z
180,/commit/build/character/5/equip,200,24.051,139,2026-10-18T14:08:12.012Z
181,/commit/build/character/6/jewelAttach,200,21.59,140,2026-10-18T14:08:12.012Z
182,/commit/build/character/6/jewelAttach,200,23.205,141,2026-10-18T14:08:12.012Z
183,/commit/build/character/3/jewelAttach,200,22.682,142,2026-10-18T14:08:12.012Z
184,/commit/progress/elapsed,200,744.386,143,2026-10-19T02:08:12.012Z
185,/read/observation/expedition,200,14.445,143,2026-10-19T02:08:12.012Z
186,/commit/setting/backup/export,200,358.924,144,2026-10-19T02:08:12.012Z
187,/read/observation/diary,200,66.384,144,2026-10-19T02:08:12.012Z
188,/read/expedition/1/latestBattleLog,200,103.728,144,2026-10-19T02:08:12.012Z
189,/commit/build/character/6/removeEquipment,200,93.253,145,2026-10-19T02:08:12.012Z
190,/commit/build/character/1/removeEquipment,200,45.263,146,2026-10-19T02:08:12.012Z
191,/commit/build/character/4/removeEquipment,200,36.359,147,2026-10-19T02:08:12.012Z
192,/commit/build/character/2/removeEquipment,200,35.203,148,2026-10-19T02:08:12.012Z
193,/commit/build/character/3/removeEquipment,200,41.054,149,2026-10-19T02:08:12.012Z
194,/commit/build/character/5/removeEquipment,200,28.917,150,2026-10-19T02:08:12.012Z
195,/commit/build/character/6/equip,200,48.393,151,2026-10-19T02:08:12.012Z
196,/commit/build/character/1/equip,200,30.324,152,2026-10-19T02:08:12.012Z
197,/commit/build/character/4/equip,200,26.008,153,2026-10-19T02:08:12.012Z
198,/commit/build/character/2/equip,200,26.938,154,2026-10-19T02:08:12.012Z
199,/commit/build/character/3/equip,200,26.276,155,2026-10-19T02:08:12.012Z
200,/commit/build/character/5/equip,200,29.585,156,2026-10-19T02:08:12.012Z
201,/commit/build/character/6/jewelAttach,200,23.944,157,2026-10-19T02:08:12.012Z
202,/commit/build/character/1/jewelAttach,200,24.936,158,2026-10-19T02:08:12.012Z
203,/commit/progress/elapsed,200,661.468,159,2026-10-19T14:08:12.012Z
204,/commit/progress/elapsed,200,552.758,160,2026-10-20T02:08:12.012Z
205,/read/observation/expedition,200,6.62,160,2026-10-20T02:08:12.012Z
206,/commit/setting/backup/export,200,373.628,161,2026-10-20T02:08:12.012Z
207,/read/base/shopItemsList,200,52.076,161,2026-10-20T02:08:12.012Z
208,/commit/build/character/1/removeEquipment,200,86.561,162,2026-10-20T02:08:12.012Z
209,/commit/build/character/1/equip,200,45.054,163,2026-10-20T02:08:12.012Z
210,/commit/build/character/6/jewelRemove,200,34.83,164,2026-10-20T02:08:12.012Z
211,/commit/build/character/1/jewelRemove,200,34.335,165,2026-10-20T02:08:12.012Z
212,/commit/build/character/1/jewelAttach,200,30.793,166,2026-10-20T02:08:12.012Z
213,/commit/build/character/1/jewelAttach,200,27.365,167,2026-10-20T02:08:12.012Z
214,/commit/progress/elapsed,200,626.89,168,2026-10-20T14:08:12.012Z
215,/commit/progress/elapsed,200,442.378,169,2026-10-21T02:08:12.012Z
216,/read/observation/expedition,200,6.105,169,2026-10-21T02:08:12.012Z
217,/commit/progress/elapsed,200,529.968,170,2026-10-21T14:08:12.012Z
218,/commit/progress/elapsed,200,555.95,171,2026-10-22T02:08:12.012Z
219,/read/observation/expedition,200,5.364,171,2026-10-22T02:08:12.012Z
220,/commit/setting/backup/export,200,385.466,172,2026-10-22T02:08:12.012Z
221,/fundamental/logIn,400,54.651,,2026-10-22T02:08:12.012Z
222,/fundamental/logIn,200,754.049,172,2026-10-22T02:08:12.012Z
223,/commit/build/character/3/changeBuild,200,129.532,173,2026-10-22T02:08:12.012Z
224,/read/observation/party,200,15.627,173,2026-10-22T02:08:12.012Z
225,/commit/build/party/1,200,37.647,174,2026-10-22T02:08:12.012Z
226,/commit/build/character/1/removeEquipment,200,62.771,175,2026-10-22T02:08:12.012Z
227,/commit/build/character/4/removeEquipment,200,53.971,176,2026-10-22T02:08:12.012Z
228,/commit/build/character/2/removeEquipment,200,32.623,177,2026-10-22T02:08:12.012Z
229,/commit/build/character/3/removeEquipment,200,28.844,178,2026-10-22T02:08:12.012Z
230,/commit/build/character/6/removeEquipment,200,40.503,179,2026-10-22T02:08:12.012Z
231,/commit/build/character/5/removeEquipment,200,30.311,180,2026-10-22T02:08:12.012Z
232,/commit/build/character/1/equip,200,47.58,181,2026-10-22T02:08:12.012Z
233,/commit/build/character/4/equip,200,36.953,182,2026-10-22T02:08:12.012Z
234,/commit/build/character/2/equip,200,30.835,183,2026-10-22T02:08:12.012Z
235,/commit/build/character/3/equip,200,29.489,184,2026-10-22T02:08:12.012Z
236,/commit/build/character/6/equip,200,32.33,185,2026-10-22T02:08:12.012Z
237,/commit/build/character/5/equip,200,27.872,186,2026-10-22T02:08:12.012Z
238,/commit/build/character/1/jewelAttach,200,25.864,187,2026-10-22T02:08:12.012Z
239,/commit/build/character/1/jewelAttach,200,31.752,188,2026-10-22T02:08:12.012Z
240,/commit/build/character/1/jewelAttach,200,30.823,189,2026-10-22T02:08:12.012Z
241,/commit/progress/elapsed,200,625.977,190,2026-10-22T14:08:12.012Z
242,/read/observation/expedition,200,9.082,190,2026-10-22T14:08:12.012Z
243,/commit/expedition/1/changeExpedition,200,41.041,191,2026-10-22T14:08:12.012Z
244,/commit/progress/elapsed,200,660.412,192,2026-10-23T02:08:12.012Z
245,/read/observation/expedition,200,5.414,192,2026-10-23T02:08:12.012Z
246,/commit/setting/backup/export,200,320.895,192,2026-10-23T02:08:12.012Z
247,/commit/build/party/1,200,72.905,193,2026-10-23T02:08:12.012Z
248,/commit/build/character/1/removeEquipment,200,57.007,194,2026-10-23T02:08:12.012Z
249,/commit/build/character/6/removeEquipment,200,56.998,195,2026-10-23T02:08:12.012Z
250,/commit/build/character/4/removeEquipment,200,32.577,196,2026-10-23T02:08:12.012Z
251,/commit/build/character/2/removeEquipment,200,35.586,197,2026-10-23T02:08:12.012Z
252,/commit/build/character/3/removeEquipment,200,34.94,198,2026-10-23T02:08:12.012Z
253,/commit/build/character/5/removeEquipment,200,30.363,199,2026-10-23T02:08:12.012Z
254,/commit/build/character/1/equip,200,36.833,200,2026-10-23T02:08:12.012Z
255,/commit/build/character/6/equip,200,35.999,201,2026-10-23T02:08:12.012Z
256,/commit/build/character/4/equip,200,36.571,202,2026-10-23T02:08:12.012Z
257,/commit/build/character/2/equip,200,36.04,203,2026-10-23T02:08:12.012Z
258,/commit/build/character/3/equip,200,49.911,204,2026-10-23T02:08:12.012Z
259,/commit/build/character/5/equip,200,32.717,205,2026-10-23T02:08:12.012Z
260,/commit/build/character/1/jewelAttach,200,29.959,206,2026-10-23T02:08:12.012Z
261,/commit/build/character/1/jewelAttach,200,36.46,207,2026-10-23T02:08:12.012Z
262,/commit/progress/elapsed,200,931.723,208,2026-10-23T14:08:12.012Z
263,/read/observation/expedition,200,17.108,208,2026-10-23T14:08:12.012Z
264,/commit/expedition/2/changeExpedition,200,81.451,209,2026-10-23T14:08:12.012Z
265,/commit/expedition/3/changeExpedition,200,73.461,210,2026-10-23T14:08:12.012Z
266,/commit/expedition/4/changeExpedition,200,76.188,211,2026-10-23T14:08:12.012Z
267,/commit/expedition/5/changeExpedition,200,78.173,212,2026-10-23T14:08:12.012Z
268,/commit/setting/backup/export,200,368.011,212,2026-10-23T14:08:12.012Z
269,/commit/build/party/1,200,75.586,213,2026-10-23T14:08:12.012Z
270,/commit/build/character/6/removeEquipment,200,41.833,214,2026-10-23T14:08:12.012Z
271,/commit/build/character/1/removeEquipment,200,38.551,215,2026-10-23T14:08:12.012Z
272,/commit/build/character/4/removeEquipment,200,47.943,216,2026-10-23T14:08:12.012Z
273,/commit/build/character/2/removeEquipment,200,57.144,217,2026-10-23T14:08:12.012Z
274,/commit/build/character/3/removeEquipment,200,50.859,218,2026-10-23T14:08:12.012Z
275,/commit/build/character/5/removeEquipment,200,38.859,219,2026-10-23T14:08:12.012Z
276,/commit/build/character/6/equip,409,10.157,219,2026-10-23T14:08:12.012Z
277,/commit/setting/backup/export,200,359.575,219,2026-10-23T14:08:12.012Z
278,/commit/build/character/6/equip,200,80.736,220,2026-10-23T14:08:12.012Z
279,/commit/build/character/1/equip,200,50.736,221,2026-10-23T14:08:12.012Z
280,/commit/build/character/4/equip,200,41.049,222,2026-10-23T14:08:12.012Z
281,/commit/build/character/2/equip,200,59.765,223,2026-10-23T14:08:12.012Z
282,/commit/build/character/3/equip,200,39.917,224,2026-10-23T14:08:12.012Z
283,/commit/build/character/6/jewelAttach,200,33.431,225,2026-10-23T14:08:12.012Z
284,/commit/build/character/6/jewelAttach,200,38.137,226,2026-10-23T14:08:12.012Z
285,/commit/build/character/6/jewelAttach,200,31.52,227,2026-10-23T14:08:12.012Z
286,/commit/progress/elapsed,200,925.404,228,2026-10-24T02:08:12.012Z
287,/commit/progress/elapsed,200,674.596,229,2026-10-24T14:08:12.012Z
288,/read/observation/expedition,200,6.235,229,2026-10-24T14:08:12.012Z
289,/commit/progress/elapsed,200,776.35,230,2026-10-25T02:08:12.012Z
290,/commit/progress/elapsed,200,658.411,231,2026-10-25T14:08:12.012Z
291,/read/observation/expedition,200,5.997,231,2026-10-25T14:08:12.012Z
292,/commit/progress/elapsed,200,715.875,232,2026-10-26T02:08:12.012Z
293,/commit/progress/elapsed,200,593.757,233,2026-10-26T14:08:12.012Z
294,/read/observation/expedition,200,8.225,233,2026-10-26T14:08:12.012Z
295,/commit/setting/backup/export,200,435.739,233,2026-10-26T14:08:12.012Z
296,/commit/build/party/1,200,102.079,234,2026-10-26T14:08:12.012Z
297,/commit/build/character/1/removeEquipment,200,51.979,235,2026-10-26T14:08:12.012Z
298,/commit/build/character/6/removeEquipment,200,58.097,236,2026-10-26T14:08:12.012Z
299,/commit/build/character/4/removeEquipment,200,49.233,237,2026-10-26T14:08:12.012Z
300,/commit/build/character/2/removeEquipment,200,46.61,238,2026-10-26T14:08:12.012Z
301,/commit/build/character/3/removeEquipment,200,38.827,239,2026-10-26T14:08:12.012Z
302,/commit/build/character/1/equip,200,42.992,240,2026-10-26T14:08:12.012Z
303,/commit/build/character/6/equip,200,50.046,241,2026-10-26T14:08:12.012Z
304,/commit/build/character/4/equip,200,51.519,242,2026-10-26T14:08:12.012Z
305,/commit/build/character/2/equip,200,65.427,243,2026-10-26T14:08:12.012Z
306,/commit/build/character/3/equip,200,40.515,244,2026-10-26T14:08:12.012Z
307,/commit/build/character/5/equip,200,52.167,245,2026-10-26T14:08:12.012Z
308,/commit/build/character/3/jewelRemove,200,54.487,246,2026-10-26T14:08:12.012Z
309,/commit/build/character/1/jewelAttach,200,40.435,247,2026-10-26T14:08:12.012Z
310,/commit/build/character/1/jewelAttach,200,29.98,248,2026-10-26T14:08:12.012Z
311,/commit/build/character/1/jewelAttach,200,30.508,249,2026-10-26T14:08:12.012Z
312,/commit/build/character/1/jewelAttach,200,29.434,250,2026-10-26T14:08:12.012Z
313,/commit/build/character/1/jewelAttach,200,33.145,251,2026-10-26T14:08:12.012Z
314,/commit/build/character/3/jewelAttach,200,41.018,252,2026-10-26T14:08:12.012Z
315,/commit/build/character/5/jewelAttach,200,32.132,253,2026-10-26T14:08:12.012Z
316,/commit/build/character/5/jewelAttach,200,30.471,254,2026-10-26T14:08:12.012Z
317,/commit/progress/elapsed,200,781.787,255,2026-10-27T02:08:12.012Z
318,/read/observation/expedition,200,20.703,255,2026-10-27T02:08:12.012Z
319,/commit/progress/elapsed,200,712.037,256,2026-10-27T14:08:12.012Z
320,/read/observation/expedition,200,24.337,256,2026-10-27T14:08:12.012Z
321,/commit/setting/backup/export,200,437.492,256,2026-10-27T14:08:12.012Z
322,/commit/expedition/2/changeExpedition,200,121.755,257,2026-10-27T14:08:12.012Z
323,/commit/expedition/3/changeExpedition,200,56.267,258,2026-10-27T14:08:12.012Z
324,/commit/expedition/4/changeExpedition,200,97.354,259,2026-10-27T14:08:12.012Z
325,/commit/expedition/5/changeExpedition,200,64.231,260,2026-10-27T14:08:12.012Z
326,/commit/build/character/5/changeBuild,200,80.56,261,2026-10-27T14:08:12.012Z
327,/read/observation/party,200,15.41,261,2026-10-27T14:08:12.012Z
328,/commit/build/party/1,409,12.262,261,2026-10-27T14:08:12.012Z
329,/commit/build/party/3,200,84.308,262,2026-10-27T14:08:12.012Z
330,/commit/setting/backup/export,200,467.948,262,2026-10-27T14:08:12.012Z
331,/commit/build/party/1,200,100.461,263,2026-10-27T14:08:12.012Z
332,/commit/build/character/1/removeEquipment,200,53.9,264,2026-10-27T14:08:12.012Z
333,/commit/build/character/6/removeEquipment,200,41.242,265,2026-10-27T14:08:12.012Z
334,/commit/build/character/4/removeEquipment,200,41.999,266,2026-10-27T14:08:12.012Z
335,/commit/build/character/2/removeEquipment,200,33.971,267,2026-10-27T14:08:12.012Z
336,/commit/build/character/3/removeEquipment,200,36.368,268,2026-10-27T14:08:12.012Z
337,/commit/build/character/5/removeEquipment,200,53.812,269,2026-10-27T14:08:12.012Z
338,/commit/build/character/1/equip,200,37.351,270,2026-10-27T14:08:12.012Z
339,/commit/build/character/6/equip,200,42.161,271,2026-10-27T14:08:12.012Z
340,/commit/build/character/4/equip,200,42.08,272,2026-10-27T14:08:12.012Z
341,/commit/build/character/2/equip,200,36.714,273,2026-10-27T14:08:12.012Z
342,/commit/build/character/3/equip,200,35.659,274,2026-10-27T14:08:12.012Z
343,/commit/build/character/5/equip,200,37.622,275,2026-10-27T14:08:12.012Z
344,/commit/build/character/1/jewelRemove,200,43.538,276,2026-10-27T14:08:12.012Z
345,/commit/build/character/1/jewelRemove,200,42.037,277,2026-10-27T14:08:12.012Z
346,/commit/build/character/1/jewelRemove,200,33.464,278,2026-10-27T14:08:12.012Z
347,/commit/build/character/1/jewelAttach,200,35.682,279,2026-10-27T14:08:12.012Z
348,/commit/build/character/1/jewelAttach,200,34.487,280,2026-10-27T14:08:12.012Z
349,/commit/build/character/1/jewelAttach,200,33.576,281,2026-10-27T14:08:12.012Z
350,/commit/build/character/1/jewelAttach,200,34.113,282,2026-10-27T14:08:12.012Z
351,/commit/build/character/1/jewelAttach,200,32.833,283,2026-10-27T14:08:12.012Z
352,/commit/build/character/6/jewelAttach,200,34.254,284,2026-10-27T14:08:12.012Z
353,/commit/build/character/4/jewelAttach,200,49.593,285,2026-10-27T14:08:12.012Z
354,/commit/build/character/2/jewelAttach,200,33.099,286,2026-10-27T14:08:12.012Z
355,/commit/build/character/3/jewelAttach,200,33.147,287,2026-10-27T14:08:12.012Z
356,/commit/build/character/5/jewelAttach,200,34.587,288,2026-10-27T14:08:12.012Z
357,/commit/progress/elapsed,200,842.638,289,2026-10-28T02:08:12.012Z
358,/read/observation/expedition,200,19.707,289,2026-10-28T02:08:12.012Z
359,/commit/setting/backup/export,200,483.537,289,2026-10-28T02:08:12.012Z
360,/commit/progress/elapsed,200,1087.671,290,2026-10-28T14:08:12.012Z
361,/commit/progress/elapsed,200,939.612,291,2026-10-29T02:08:12.012Z
362,/read/observation/expedition,200,10.135,291,2026-10-29T02:08:12.012Z
363,/commit/setting/backup/export,200,507.894,291,2026-10-29T02:08:12.012Z
364,/commit/build/character/4/changeBuild,200,87.647,292,2026-10-29T02:08:12.012Z
365,/read/observation/party,200,8.746,292,2026-10-29T02:08:12.012Z
366,/commit/build/character/1/removeEquipment,200,41.662,293,2026-10-29T02:08:12.012Z
367,/commit/build/character/6/removeEquipment,200,40.812,294,2026-10-29T02:08:12.012Z
368,/commit/build/character/4/removeEquipment,200,35.333,295,2026-10-29T02:08:12.012Z
369,/commit/build/character/2/removeEquipment,200,49.148,296,2026-10-29T02:08:12.012Z
370,/commit/build/character/3/removeEquipment,200,45.187,297,2026-10-29T02:08:12.012Z
371,/commit/build/character/5/removeEquipment,200,43.054,298,2026-10-29T02:08:12.012Z
372,/commit/build/character/1/equip,200,43.956,299,2026-10-29T02:08:12.012Z
373,/commit/build/character/6/equip,200,43.978,300,2026-10-29T02:08:12.012Z
374,/commit/build/character/4/equip,200,36.105,301,2026-10-29T02:08:12.012Z
375,/commit/build/character/2/equip,200,39.836,302,2026-10-29T02:08:12.012Z
376,/commit/build/character/3/equip,200,39.721,303,2026-10-29T02:08:12.012Z
377,/commit/build/character/5/equip,200,38.682,304,2026-10-29T02:08:12.012Z
378,/commit/build/character/1/jewelRemove,200,49.603,305,2026-10-29T02:08:12.012Z
379,/commit/build/character/1/jewelRemove,200,43.758,306,2026-10-29T02:08:12.012Z
380,/commit/build/character/1/jewelRemove,200,35.588,307,2026-10-29T02:08:12.012Z
381,/commit/build/character/1/jewelRemove,200,37.266,308,2026-10-29T02:08:12.012Z
382,/commit/build/character/4/jewelRemove,200,39.248,309,2026-10-29T02:08:12.012Z
383,/commit/build/character/2/jewelRemove,200,36.278,310,2026-10-29T02:08:12.012Z
384,/commit/build/character/5/jewelRemove,200,35.657,311,2026-10-29T02:08:12.012Z
385,/commit/build/character/1/jewelAttach,200,35.687,312,2026-10-29T02:08:12.012Z
386,/commit/build/character/6/jewelAttach,200,32.909,313,2026-10-29T02:08:12.012Z
387,/commit/build/character/6/jewelAttach,200,33.529,314,2026-10-29T02:08:12.012Z
388,/commit/build/character/6/jewelAttach,200,31.208,315,2026-10-29T02:08:12.012Z
389,/commit/build/character/6/jewelAttach,200,33.059,316,2026-10-29T02:08:12.012Z
390,/commit/build/character/6/jewelAttach,200,33.516,317,2026-10-29T02:08:12.012Z
391,/commit/build/character/4/jewelAttach,200,34.46,318,2026-10-29T02:08:12.012Z
392,/commit/build/character/2/jewelAttach,200,42.754,319,2026-10-29T02:08:12.012Z
393,/commit/build/character/5/jewelAttach,200,39.758,320,2026-10-29T02:08:12.012Z
394,/commit/progress/elapsed,200,1072.124,321,2026-10-29T14:08:12.012Z
395,/read/observation/expedition,200,19.932,321,2026-10-29T14:08:12.012Z
396,/commit/progress/elapsed,200,964.18,322,2026-10-30T02:08:12.012Z
397,/read/observation/expedition,200,5.864,322,2026-10-30T02:08:12.012Z
398,/commit/expedition/1/changeExpedition,200,80.893,323,2026-10-30T02:08:12.012Z
399,/commit/progress/elapsed,200,985.83,324,2026-10-30T14:08:12.012Z
400,/commit/progress/elapsed,200,971.362,325,2026-10-31T02:08:12.012Z
401,/read/observation/expedition,200,6.038,325,2026-10-31T02:08:12.012Z
402,/commit/setting/backup/export,200,510.985,325,2026-10-31T02:08:12.012Z
403,/commit/build/party/1,200,91.795,326,2026-10-31T02:08:12.012Z
404,/commit/build/character/1/removeEquipment,200,61.495,327,2026-10-31T02:08:12.012Z
405,/commit/build/character/4/removeEquipment,200,51.349,328,2026-10-31T02:08:12.012Z
406,/commit/build/character/2/removeEquipment,200,68.176,329,2026-10-31T02:08:12.012Z
407,/commit/build/character/6/removeEquipment,200,55.573,330,2026-10-31T02:08:12.012Z
408,/commit/build/character/3/removeEquipment,200,46.973,331,2026-10-31T02:08:12.012Z
409,/commit/build/character/5/removeEquipment,200,63.546,332,2026-10-31T02:08:12.012Z
410,/commit/build/character/1/equip,200,44.295,333,2026-10-31T02:08:12.012Z
411,/commit/build/character/4/equip,200,42.348,334,2026-10-31T02:08:12.012Z
412,/commit/build/character/2/equip,200,44.837,335,2026-10-31T02:08:12.012Z
413,/commit/build/character/6/equip,200,44.775,336,2026-10-31T02:08:12.012Z
414,/commit/build/character/3/equip,200,54.655,337,2026-10-31T02:08:12.012Z
415,/commit/build/character/5/equip,200,40.495,338,2026-10-31T02:08:12.012Z
416,/commit/build/character/6/jewelRemove,200,38.347,339,2026-10-31T02:08:12.012Z
417,/commit/build/character/6/jewelRemove,200,36.416,340,2026-10-31T02:08:12.012Z
418,/commit/build/character/1/jewelAttach,200,37.581,341,2026-10-31T02:08:12.012Z
419,/commit/build/character/1/jewelAttach,200,35.676,342,2026-10-31T02:08:12.012Z
420,/commit/build/character/1/jewelAttach,200,39.224,343,2026-10-31T02:08:12.012Z
421,/commit/build/character/4/jewelAttach,200,34.09,344,2026-10-31T02:08:12.012Z
422,/commit/build/character/2/jewelAttach,200,37.763,345,2026-10-31T02:08:12.012Z
423,/commit/build/character/6/jewelAttach,200,37.585,346,2026-10-31T02:08:12.012Z
424,/commit/build/character/6/jewelAttach,200,36.566,347,2026-10-31T02:08:12.012Z
425,/commit/build/character/6/jewelAttach,200,35.249,348,2026-10-31T02:08:12.012Z
426,/commit/build/character/3/jewelAttach,200,49.697,349,2026-10-31T02:08:12.012Z
427,/commit/build/character/5/jewelAttach,200,36.44,350,2026-10-31T02:08:12.012Z
428,/commit/progress/elapsed,200,1013.851,351,2026-10-31T14:08:12.012Z
429,/commit/progress/elapsed,200,985.896,352,2026-11-01T02:08:12.012Z
430,/read/observation/expedition,200,8.16,352,2026-11-01T02:08:12.012Z
431,/commit/progress/elapsed,200,1011.746,353,2026-11-01T14:08:12.012Z
432,/commit/progress/elapsed,200,905.266,354,2026-11-02T02:08:12.012Z
433,/read/observation/expedition,200,7.038,354,2026-11-02T02:08:12.012Z
434,/commit/setting/backup/export,200,531.044,354,2026-11-02T02:08:12.012Z
435,/commit/progress/elapsed,200,935.056,355,2026-11-02T14:08:12.012Z
436,/commit/progress/elapsed,200,816.146,356,2026-11-03T02:08:12.012Z
437,/read/observation/expedition,200,10.769,356,2026-11-03T02:08:12.012Z
438,/commit/progress/elapsed,200,913.351,357,2026-11-03T14:08:12.012Z
439,/commit/progress/elapsed,200,785.303,358,2026-11-04T02:08:12.012Z
440,/read/observation/expedition,200,15.535,358,2026-11-04T02:08:12.012Z
441,/commit/setting/backup/export,200,575.831,358,2026-11-04T02:08:12.012Z
442,/read/expedition/1/simulationRun,200,1008.608,358,2026-11-04T02:08:12.012Z
443,/commit/build/character/4/changeBuild,200,132.726,359,2026-11-04T02:08:12.012Z
444,/read/observation/party,200,19.923,359,2026-11-04T02:08:12.012Z
445,/commit/build/character/1/removeEquipment,200,94.978,360,2026-11-04T02:08:12.012Z
446,/commit/build/character/4/removeEquipment,200,57.984,361,2026-11-04T02:08:12.012Z
447,/commit/build/character/2/removeEquipment,200,59.596,362,2026-11-04T02:08:12.012Z
448,/commit/build/character/6/removeEquipment,200,64.999,363,2026-11-04T02:08:12.012Z
449,/commit/build/character/3/removeEquipment,200,61.517,364,2026-11-04T02:08:12.012Z
450,/commit/build/character/5/removeEquipment,200,58.524,365,2026-11-04T02:08:12.012Z
451,/commit/build/character/1/equip,200,52.921,366,2026-11-04T02:08:12.012Z
452,/commit/build/character/4/equip,200,68.886,367,2026-11-04T02:08:12.012Z
453,/commit/build/character/2/equip,200,55.528,368,2026-11-04T02:08:12.012Z
454,/commit/build/character/6/equip,200,73.192,369,2026-11-04T02:08:12.012Z
455,/commit/build/character/3/equip,200,43.828,370,2026-11-04T02:08:12.012Z
456,/commit/build/character/5/equip,200,57.311,371,2026-11-04T02:08:12.012Z
457,/commit/build/character/1/jewelRemove,200,52.372,372,2026-11-04T02:08:12.012Z
458,/commit/build/character/1/jewelRemove,200,36.833,373,2026-11-04T02:08:12.012Z
459,/commit/build/character/4/jewelRemove,200,36.649,374,2026-11-04T02:08:12.012Z
460,/commit/build/character/1/jewelAttach,200,51.653,375,2026-11-04T02:08:12.012Z
461,/commit/build/character/1/jewelAttach,200,38.246,376,2026-11-04T02:08:12.012Z
462,/commit/build/character/1/jewelAttach,200,37.425,377,2026-11-04T02:08:12.012Z
463,/commit/build/character/1/jewelAttach,200,38.3,378,2026-11-04T02:08:12.012Z
464,/commit/build/character/4/jewelAttach,200,51.825,379,2026-11-04T02:08:12.012Z
465,/commit/build/character/2/jewelAttach,200,37.51,380,2026-11-04T02:08:12.012Z
466,/commit/build/character/6/jewelAttach,200,50.593,381,2026-11-04T02:08:12.012Z
467,/commit/build/character/6/jewelAttach,200,43.386,382,2026-11-04T02:08:12.012Z
468,/commit/build/character/6/jewelAttach,200,50.824,383,2026-11-04T02:08:12.012Z
469,/commit/build/character/6/jewelAttach,200,53.813,384,2026-11-04T02:08:12.012Z
470,/commit/build/character/6/jewelAttach,200,42.931,385,2026-11-04T02:08:12.012Z
471,/commit/build/character/5/jewelAttach,200,39.696,386,2026-11-04T02:08:12.012Z
472,/commit/build/character/5/jewelAttach,200,44.295,387,2026-11-04T02:08:12.012Z
473,/commit/progress/elapsed,200,823.414,388,2026-11-04T14:08:12.012Z
474,/commit/progress/elapsed,200,897.114,389,2026-11-05T02:08:12.012Z
475,/read/observation/expedition,200,9.883,389,2026-11-05T02:08:12.012Z
476,/commit/setting/backup/export,200,585.547,389,2026-11-05T02:08:12.012Z
477,/commit/build/character/4/changeBuild,200,106.677,390,2026-11-05T02:08:12.012Z
478,/read/observation/party,200,12.191,390,2026-11-05T02:08:12.012Z
479,/commit/build/character/1/removeEquipment,200,57.231,391,2026-11-05T02:08:12.012Z
480,/commit/build/character/6/removeEquipment,200,60.368,392,2026-11-05T02:08:12.012Z
481,/commit/build/character/1/equip,200,74.028,393,2026-11-05T02:08:12.012Z
482,/commit/build/character/6/equip,200,48.076,394,2026-11-05T02:08:12.012Z
483,/commit/build/character/1/jewelRemove,200,48.696,395,2026-11-05T02:08:12.012Z
484,/commit/build/character/1/jewelRemove,200,47.808,396,2026-11-05T02:08:12.012Z
485,/commit/build/character/1/jewelRemove,200,41.909,397,2026-11-05T02:08:12.012Z
486,/commit/build/character/4/jewelRemove,200,46.068,398,2026-11-05T02:08:12.012Z
487,/commit/build/character/2/jewelRemove,200,54.402,399,2026-11-05T02:08:12.012Z
488,/commit/build/character/6/jewelRemove,200,45.483,400,2026-11-05T02:08:12.012Z
489,/commit/build/character/6/jewelRemove,200,41.052,401,2026-11-05T02:08:12.012Z
490,/commit/build/character/5/jewelRemove,200,40.065,402,2026-11-05T02:08:12.012Z
491,/commit/build/character/5/jewelRemove,200,41.316,403,2026-11-05T02:08:12.012Z
492,/commit/build/character/1/jewelAttach,200,51.442,404,2026-11-05T02:08:12.012Z
493,/commit/build/character/1/jewelAttach,200,51.468,405,2026-11-05T02:08:12.012Z
494,/commit/build/character/1/jewelAttach,200,41.092,406,2026-11-05T02:08:12.012Z
495,/commit/build/character/1/jewelAttach,200,42.699,407,2026-11-05T02:08:12.012Z
496,/commit/build/character/4/jewelAttach,200,54.007,408,2026-11-05T02:08:12.012Z
497,/commit/build/character/2/jewelAttach,200,39.259,409,2026-11-05T02:08:12.012Z
498,/commit/build/character/6/jewelAttach,200,38.814,410,2026-11-05T02:08:12.012Z
499,/commit/build/character/6/jewelAttach,200,37.961,411,2026-11-05T02:08:12.012Z
500,/commit/build/character/6/jewelAttach,200,36.432,412,2026-11-05T02:08:12.012Z
501,/commit/build/character/6/jewelAttach,200,44.757,413,2026-11-05T02:08:12.012Z
502,/commit/build/character/5/jewelAttach,200,38.824,414,2026-11-05T02:08:12.012Z
503,/commit/build/character/5/jewelAttach,200,37.282,415,2026-11-05T02:08:12.012Z
504,/commit/progress/elapsed,200,882.106,416,2026-11-05T14:08:12.012Z
505,/read/observation/expedition,200,28.052,416,2026-11-05T14:08:12.012Z
506,/commit/progress/elapsed,200,1023.506,417,2026-11-06T02:08:12.012Z
507,/commit/progress/elapsed,200,850.413,418,2026-11-06T14:08:12.012Z
508,/read/observation/expedition,200,10.598,418,2026-11-06T14:08:12.012Z
509,/commit/progress/elapsed,200,803.628,419,2026-11-07T02:08:12.012Z
510,/commit/progress/elapsed,200,654.442,420,2026-11-07T14:08:12.012Z
511,/read/observation/expedition,200,9.873,420,2026-11-07T14:08:12.012Z
512,/commit/setting/backup/export,200,561.593,420,2026-11-07T14:08:12.012Z
513,/commit/build/party/6,200,96.169,421,2026-11-07T14:08:12.012Z
514,/commit/build/character/4/changeBuild,200,69.629,422,2026-11-07T14:08:12.012Z
515,/commit/build/character/5/changeBuild,200,72.209,423,2026-11-07T14:08:12.012Z
516,/read/observation/party,200,13.412,423,2026-11-07T14:08:12.012Z
517,/commit/build/party/1,200,45.827,424,2026-11-07T14:08:12.012Z
518,/commit/build/character/5/equip,200,48.477,425,2026-11-07T14:08:12.012Z
519,/commit/progress/elapsed,200,778.966,426,2026-11-08T02:08:12.012Z
520,/commit/progress/elapsed,200,790.966,427,2026-11-08T14:08:12.012Z
521,/read/observation/expedition,200,9.583,427,2026-11-08T14:08:12.012Z
522,/commit/progress/elapsed,200,861.724,428,2026-11-09T02:08:12.012Z
523,/commit/progress/elapsed,200,752.901,429,2026-11-09T14:08:12.012Z
524,/read/observation/expedition,200,6.658,429,2026-11-09T14:08:12.012Z
525,/commit/setting/backup/export,200,562.121,429,2026-11-09T14:08:12.012Z
526,/commit/build/character/4/changeBuild,200,100.281,430,2026-11-09T14:08:12.012Z
527,/read/observation/party,200,17.52,430,2026-11-09T14:08:12.012Z
528,/commit/build/character/4/jewelAttach,200,57.107,431,2026-11-09T14:08:12.012Z
529,/commit/build/character/2/jewelAttach,200,57.618,432,2026-11-09T14:08:12.012Z
530,/commit/build/character/6/jewelAttach,200,49.194,433,2026-11-09T14:08:12.012Z
531,/commit/build/character/5/jewelAttach,200,43.702,434,2026-11-09T14:08:12.012Z
532,/commit/progress/elapsed,200,977.762,435,2026-11-10T02:08:12.012Z
533,/read/observation/expedition,200,20.624,435,2026-11-10T02:08:12.012Z
534,/commit/progress/elapsed,200,937.715,436,2026-11-10T14:08:12.012Z
535,/read/observation/expedition,200,26.47,436,2026-11-10T14:08:12.012Z
536,/commit/setting/backup/export,200,614.717,436,2026-11-10T14:08:12.012Z
537,/fundamental/logIn,0,,436,2026-11-10T14:08:12.012Z
538,/fundamental/logIn,0,,436,2026-11-10T14:08:12.012Z
539,/fundamental/logIn,200,1219.184,436,2026-11-10T14:08:12.012Z
540,/read/observation/expedition,200,85.183,436,2026-11-10T14:08:12.012Z
541,/commit/progress/elapsed,200,1098.681,437,2026-11-11T02:08:12.012Z
542,/read/observation/expedition,200,40.226,437,2026-11-11T02:08:12.012Z
543,/commit/progress/elapsed,200,842.19,438,2026-11-11T14:08:12.012Z
544,/commit/progress/elapsed,200,767.858,439,2026-11-12T02:08:12.012Z
545,/read/observation/expedition,200,7.493,439,2026-11-12T02:08:12.012Z
546,/commit/progress/elapsed,200,685.122,440,2026-11-12T14:08:12.012Z
547,/commit/progress/elapsed,200,619.973,441,2026-11-13T02:08:12.012Z
548,/read/observation/expedition,200,6.473,441,2026-11-13T02:08:12.012Z
549,/commit/setting/backup/export,200,541.384,441,2026-11-13T02:08:12.012Z
550,/commit/progress/elapsed,200,823.868,442,2026-11-13T14:08:12.012Z
551,/commit/progress/elapsed,200,729.982,443,2026-11-14T02:08:12.012Z
552,/read/observation/expedition,200,7.227,443,2026-11-14T02:08:12.012Z
553,/commit/progress/elapsed,200,636.377,444,2026-11-14T14:08:12.012Z
554,/commit/progress/elapsed,200,568.265,445,2026-11-15T02:08:12.012Z
555,/read/observation/expedition,200,5.694,445,2026-11-15T02:08:12.012Z
556,/commit/progress/elapsed,200,544.009,446,2026-11-15T14:08:12.012Z
557,/commit/progress/elapsed,200,498.112,447,2026-11-16T02:08:12.012Z
558,/read/observation/expedition,200,6.319,447,2026-11-16T02:08:12.012Z
559,/commit/setting/backup/export,200,570.37,447,2026-11-16T02:08:12.012Z
560,/commit/build/character/5/changeBuild,200,111.89,448,2026-11-16T02:08:12.012Z
561,/read/observation/party,200,30.073,448,2026-11-16T02:08:12.012Z
562,/commit/build/party/1,200,66.118,449,2026-11-16T02:08:12.012Z
563,/commit/build/character/5/removeEquipment,200,61.439,450,2026-11-16T02:08:12.012Z
564,/commit/build/character/5/equip,200,56.584,451,2026-11-16T02:08:12.012Z
565,/commit/build/character/5/jewelRemove,200,48.975,452,2026-11-16T02:08:12.012Z
566,/commit/build/character/5/jewelRemove,200,53.753,453,2026-11-16T02:08:12.012Z
567,/commit/build/character/5/jewelAttach,200,52.281,454,2026-11-16T02:08:12.012Z
568,/commit/build/character/5/jewelAttach,200,54.311,455,2026-11-16T02:08:12.012Z
569,/commit/build/character/5/jewelAttach,200,61.909,456,2026-11-16T02:08:12.012Z
570,/commit/progress/elapsed,200,838.047,457,2026-11-16T14:08:12.012Z
571,/read/observation/expedition,200,23.337,457,2026-11-16T14:08:12.012Z
572,/commit/progress/elapsed,200,703.521,458,2026-11-17T02:08:12.012Z
573,/read/observation/expedition,200,6.399,458,2026-11-17T02:08:12.012Z
574,/commit/progress/elapsed,200,570.15,459,2026-11-17T14:08:12.012Z
575,/read/observation/expedition,200,6.367,459,2026-11-17T14:08:12.012Z
576,/commit/progress/elapsed,200,563.671,460,2026-11-18T02:08:12.012Z
577,/read/observation/expedition,200,6.09,460,2026-11-18T02:08:12.012Z
578,/commit/progress/elapsed,200,520.278,461,2026-11-18T14:08:12.012Z
579,/read/observation/expedition,200,5.805,461,2026-11-18T14:08:12.012Z
580,/read/observation/diary,400,40.171,,2026-11-18T14:08:12.012Z
581,/read/observation/diary,200,58.38,461,2026-11-18T14:08:12.012Z
582,/read/expedition/1/setting,200,44.455,461,2026-11-18T14:08:12.012Z
583,/fundamental/status,200,4.613,,2026-11-18T14:08:12.012Z
584,/read/observation/party,200,9.589,461,2026-11-18T14:08:12.012Z
585,/commit/setting/backup/export,200,601.959,461,2026-11-18T14:08:12.012Z
586,/commit/expedition/1/sortie,200,185.918,462,2026-11-18T14:08:12.012Z
587,/commit/expedition/1/sortie,409,41.906,462,2026-11-18T14:08:12.012Z
588,/commit/progress/elapsed,200,372.874,463,2026-11-18T17:08:12.012Z
589,/read/observation/expedition,200,18.736,463,2026-11-18T17:08:12.012Z
590,/commit/progress/elapsed,200,297.473,464,2026-11-18T20:08:12.012Z
591,/read/observation/expedition,200,5.574,464,2026-11-18T20:08:12.012Z
592,/read/observation/diary,200,55.711,464,2026-11-18T20:08:12.012Z
593,/read/expedition/1/setting,200,47.212,464,2026-11-18T20:08:12.012Z
594,/read/observation/party,200,8.165,464,2026-11-18T20:08:12.012Z
595,/commit/setting/backup/export,200,566.695,464,2026-11-18T20:08:12.012Z
